productType,variantId,sku,prices,tax,categories,images,name.en,description.en,slug.en,metaTitle.en,metaDescription.en,metaKeywords.en,name.de,description.de,slug.de,metaTitle.de,metaDescription.de,metaKeywords.de,name.it,description.it,slug.it,metaTitle.it,metaDescription.it,metaKeywords.it,creationDate,articleNumberManufacturer,articleNumberMax,matrixId,baseId,designer,madeInItaly,completeTheLook,commonSize,size,color,colorFreeDefinition.en,details.en,colorFreeDefinition.de,details.de,colorFreeDefinition.it,details.it,style,gender,season,isOnStock,isLook,lookProducts,seasonNew
main,1,M0E20000000DLYA,EUR 18750;EUR 12295 b2b;US-USD 18750;USD 12295 b2b;DE-EUR 15000;IT-EUR 15000;GB-EUR 15000;DE-EUR 15450#sunrise-store-berlin;EUR 19125#sunrise-store-vienna;DE-EUR 15900#sunrise-store-munich;DE-EUR 15750#sunrise-store-cologne;DE-EUR 15000#sunrise-store-hamburg;US-USD 15450#sunrise-store-boston-2;USD 19125#sunrise-store-chicago;US-USD 15900#sunrise-store-boston-1;US-USD 15750#sunrise-store-sanfrancisco;US-USD 15000#sunrise-store-newyork,standard,New>Women>Clothing>Trousers;Women>Clothing>Trouser,https://s3-eu-west-1.amazonaws.com/commercetools-maximilian/products/072779_1_medium.jpg,Chino Michael Kors brown,,michaelkors-chino-mh43gcb168-brown,,,,Chino Michael Kors braun,,michaelkors-chino-mh43gcb168-braun,,,,,,,,,,,MH43GCB168 177 WHITE,72779,M0E20000000DLYA,72779,michaelkors,no,,xxs,34,brown,brown,,braun,,,,sporty,women,s15,,,,
,2,M0E20000000DLYB,EUR 18750;EUR 12295 b2b;US-USD 18750;USD 12295 b2b;DE-EUR 15000;IT-EUR 15000;GB-EUR 15000;DE-EUR 16350#sunrise-store-berlin;EUR 17250#sunrise-store-vienna;DE-EUR 13800#sunrise-store-munich;DE-EUR 14400#sunrise-store-cologne;DE-EUR 16050#sunrise-store-hamburg;US-USD 16350#sunrise-store-boston-2;USD 17250#sunrise-store-chicago;US-USD 13800#sunrise-store-boston-1;US-USD 14400#sunrise-store-sanfrancisco;US-USD 16050#sunrise-store-newyork,,,https://s3-eu-west-1.amazonaws.com/commercetools-maximilian/products/072779_1_medium.jpg,,,,,,,,,,,,,,,,,,,,MH43GCB168 177 WHITE,72779,M0E20000000DLYB,72779,michaelkors,no,,xxs,36,brown,brown,,braun,,,,sporty,women,s15,,,,
,3,M0E20000000DLYC,EUR 18750;EUR 12295 b2b;US-USD 18750;USD 12295 b2b;DE-EUR 15000;IT-EUR 15000;GB-EUR 15000;DE-EUR 15000#sunrise-store-berlin;EUR 18562#sunrise-store-vienna;DE-EUR 13950#sunrise-store-munich;DE-EUR 15450#sunrise-store-cologne;DE-EUR 16200#sunrise-store-hamburg;US-USD 15000#sunrise-store-boston-2;USD 18562#sunrise-store-chicago;US-USD 13950#sunrise-store-boston-1;US-USD 15450#sunrise-store-sanfrancisco;US-USD 16200#sunrise-store-newyork,,,https://s3-eu-west-1.amazonaws.com/commercetools-maximilian/products/072779_1_medium.jpg,,,,,,,,,,,,,,,,,,,,MH43GCB168 177 WHITE,72779,M0E20000000DLYC,72779,michaelkors,no,,xxs,38,brown,brown,,braun,,,,sporty,women,s15,TRUE,,,
,4,M0E20000000DLYD,EUR 18750;EUR 12295 b2b;US-USD 18750;USD 12295 b2b;DE-EUR 15000;IT-EUR 15000;GB-EUR 15000;DE-EUR 16050#sunrise-store-berlin;EUR 18750#sunrise-store-vienna;DE-EUR 15000#sunrise-store-munich;DE-EUR 15600#sunrise-store-cologne;DE-EUR 14100#sunrise-store-hamburg;US-USD 16050#sunrise-store-boston-2;USD 18750#sunrise-store-chicago;US-USD 15000#sunrise-store-boston-1;US-USD 15600#sunrise-store-sanfrancisco;US-USD 14100#sunrise-store-newyork,,,https://s3-eu-west-1.amazonaws.com/commercetools-maximilian/products/072779_1_medium.jpg,,,,,,,,,,,,,,,,,,,,MH43GCB168 177 WHITE,72779,M0E20000000DLYD,72779,michaelkors,no,,xs,40,brown,brown,,braun,,,,sporty,women,s15,,,,
main,1,M0E20000000DWXZ,EUR 46250;EUR 30328 b2b;US-USD 46250;USD 30328 b2b;DE-EUR 37000;IT-EUR 37000;GB-EUR 37000;DE-EUR 40330#sunrise-store-berlin;EUR 42550#sunrise-store-vienna;DE-EUR 34780#sunrise-store-munich;DE-EUR 37370#sunrise-store-cologne;DE-EUR 35520#sunrise-store-hamburg;US-USD 40330#sunrise-store-boston-2;USD 42550#sunrise-store-chicago;US-USD 34780#sunrise-store-boston-1;US-USD 37370#sunrise-store-sanfrancisco;US-USD 35520#sunrise-store-newyork,standard,Men>Shoes;Men>Shoes>Lace-up shoes;Men;New>Men>Shoes>Lace-up shoes,https://s3-eu-west-1.amazonaws.com/commercetools-maximilian/products/079097_1_large.jpg,Lace up shoes Tods dark blue,,tods-laceupshoes-C20RE0U820-darkblue,,,,Schnürschuhe Tods dunkelblau,,tods-schnuerschuhe-C20RE0U820-dunkelblau,,,,,,,,,,,XXM0VU00C20RE0U820,79097,M0E20000000DWXZ,79097,tods,yes,,39,5,blue,dark blue,,dunkelblau,,,,business,men,s15,,,,
,2,M0E20000000DWY0,EUR 46250;EUR 30328 b2b;US-USD 46250;USD 30328 b2b;DE-EUR 37000;IT-EUR 37000;GB-EUR 37000;DE-EUR 38850#sunrise-store-berlin;EUR 48100#sunrise-store-vienna;DE-EUR 37370#sunrise-store-munich;DE-EUR 34040#sunrise-store-cologne;DE-EUR 38110#sunrise-store-hamburg;US-USD 38850#sunrise-store-boston-2;USD 48100#sunrise-store-chicago;US-USD 37370#sunrise-store-boston-1;US-USD 34040#sunrise-store-sanfrancisco;US-USD 38110#sunrise-store-newyork,,,https://s3-eu-west-1.amazonaws.com/commercetools-maximilian/products/079097_1_large.jpg,,,,,,,,,,,,,,,,,,,,XXM0VU00C20RE0U820,79097,M0E20000000DWY0,79097,tods,yes,,39.5,5.5,blue,dark blue,,dunkelblau,,,,business,men,s15,,,,
,3,M0E20000000DWY1,EUR 46250;EUR 30328 b2b;US-USD 46250;USD 30328 b2b;DE-EUR 37000;IT-EUR 37000;GB-EUR 37000;DE-EUR 33300#sunrise-store-berlin;EUR 49025#sunrise-store-vienna;DE-EUR 39960#sunrise-store-munich;DE-EUR 34410#sunrise-store-cologne;DE-EUR 40700#sunrise-store-hamburg;US-USD 33300#sunrise-store-boston-2;USD 49025#sunrise-store-chicago;US-USD 39960#sunrise-store-boston-1;US-USD 34410#sunrise-store-sanfrancisco;US-USD 40700#sunrise-store-newyork,,,https://s3-eu-west-1.amazonaws.com/commercetools-maximilian/products/079097_1_large.jpg,,,,,,,,,,,,,,,,,,,,XXM0VU00C20RE0U820,79097,M0E20000000DWY1,79097,tods,yes,,40,6,blue,dark blue,,dunkelblau,,,,business,men,s15,,,,
,4,M0E20000000DWY2,EUR 46250;EUR 30328 b2b;US-USD 46250;USD 30328 b2b;DE-EUR 37000;IT-EUR 37000;GB-EUR 37000;DE-EUR 34040#sunrise-store-berlin;EUR 42088#sunrise-store-vienna;DE-EUR 36260#sunrise-store-munich;DE-EUR 37000#sunrise-store-cologne;DE-EUR 37000#sunrise-store-hamburg;US-USD 34040#sunrise-store-boston-2;USD 42088#sunrise-store-chicago;US-USD 36260#sunrise-store-boston-1;US-USD 37000#sunrise-store-sanfrancisco;US-USD 37000#sunrise-store-newyork,,,https://s3-eu-west-1.amazonaws.com/commercetools-maximilian/products/079097_1_large.jpg,,,,,,,,,,,,,,,,,,,,XXM0VU00C20RE0U820,79097,M0E20000000DWY2,79097,tods,yes,,40.5,6.5,blue,dark blue,,dunkelblau,,,,business,men,s15,,,,
,5,M0E20000000DWY3,EUR 46250;EUR 30328 b2b;US-USD 46250;USD 30328 b2b;DE-EUR 37000;IT-EUR 37000;GB-EUR 37000;DE-EUR 36260#sunrise-store-berlin;EUR 47638#sunrise-store-vienna;DE-EUR 38850#sunrise-store-munich;DE-EUR 33670#sunrise-store-cologne;DE-EUR 39590#sunrise-store-hamburg;US-USD 36260#sunrise-store-boston-2;USD 47638#sunrise-store-chicago;US-USD 38850#sunrise-store-boston-1;US-USD 33670#sunrise-store-sanfrancisco;US-USD 39590#sunrise-store-newyork,,,https://s3-eu-west-1.amazonaws.com/commercetools-maximilian/products/079097_1_large.jpg,,,,,,,,,,,,,,,,,,,,XXM0VU00C20RE0U820,79097,M0E20000000DWY3,79097,tods,yes,,41,7,blue,dark blue,,dunkelblau,,,,business,men,s15,,,,
main,1,M0E20000000FCKV,EUR 16125;EUR 10574 b2b;US-USD 16125;USD 10574 b2b;DE-EUR 12900;IT-EUR 12900;GB-EUR 12900;DE-EUR 12642#sunrise-store-berlin;EUR 17092#sunrise-store-vienna;DE-EUR 14061#sunrise-store-munich;DE-EUR 13545#sunrise-store-cologne;DE-EUR 12771#sunrise-store-hamburg;US-USD 12642#sunrise-store-boston-2;USD 17092#sunrise-store-chicago;US-USD 14061#sunrise-store-boston-1;US-USD 13545#sunrise-store-sanfrancisco;US-USD 12771#sunrise-store-newyork,standard,New>Women>Clothing>Jackets;Women>Clothing>Jackets,https://s3-eu-west-1.amazonaws.com/commercetools-maximilian/products/086061_1_large.jpg,Save the Duck – Casual Jacket “Giga”,"The light jackets of Save the Duck keep us cozy warm. The slightly shiny surface in beige, the slim, quilted fit and hood are modern and urban! The ultralight material folds into a small bag!",save-the-duck-jacket-giga-d3362-beige,,,,Save the Duck – Freizeitjacke „Giga“,"Die leichten Freizeitjacken von Save the Duck halten uns wohlig warm. Die leicht glänzende Oberfläche in Beige, der schmale, gesteppte Schnitt und die Kapuze wirken urban und modern! Das ultraleichte Material lässt sich klein zusammenfalten!",save-the-duck-jacke-giga-d3362-beige,,,,,,,,,,,D3362W GIGA 129,86061,M0E20000000FCKV,86061,savetheduck,,,xs,0,beige,beige,,beige,,,,,women,A15,,,,
,2,M0E20000000FCKW,EUR 16125;EUR 10574 b2b;US-USD 16125;USD 10574 b2b;DE-EUR 12900;IT-EUR 12900;GB-EUR 12900;DE-EUR 13416#sunrise-store-berlin;EUR 15480#sunrise-store-vienna;DE-EUR 12126#sunrise-store-munich;DE-EUR 12384#sunrise-store-cologne;DE-EUR 13674#sunrise-store-hamburg;US-USD 13416#sunrise-store-boston-2;USD 15480#sunrise-store-chicago;US-USD 12126#sunrise-store-boston-1;US-USD 12384#sunrise-store-sanfrancisco;US-USD 13674#sunrise-store-newyork,,,https://s3-eu-west-1.amazonaws.com/commercetools-maximilian/products/086061_1_large.jpg,,,,,,,,,,,,,,,,,,,,D3362W GIGA 129,86061,M0E20000000FCKW,86061,savetheduck,,,s,1,beige,beige,,beige,,,,,women,A15,,,,
,3,M0E20000000FCKX,EUR 16125;EUR 10574 b2b;US-USD 16125;USD 10574 b2b;DE-EUR 12900;IT-EUR 12900;GB-EUR 12900;DE-EUR 12255#sunrise-store-berlin;EUR 16609#sunrise-store-vienna;DE-EUR 12384#sunrise-store-munich;DE-EUR 13158#sunrise-store-cologne;DE-EUR 13803#sunrise-store-hamburg;US-USD 12255#sunrise-store-boston-2;USD 16609#sunrise-store-chicago;US-USD 12384#sunrise-store-boston-1;US-USD 13158#sunrise-store-sanfrancisco;US-USD 13803#sunrise-store-newyork,,,https://s3-eu-west-1.amazonaws.com/commercetools-maximilian/products/086061_1_large.jpg,,,,,,,,,,,,,,,,,,,,D3362W GIGA 129,86061,M0E20000000FCKX,86061,savetheduck,,,m,2,beige,beige,,beige,,,,,women,A15,,,,
,4,M0E20000000FCKY,EUR 16125;EUR 10574 b2b;US-USD 16125;USD 10574 b2b;DE-EUR 12900;IT-EUR 12900;GB-EUR 12900;DE-EUR 13158#sunrise-store-berlin;EUR 16770#sunrise-store-vienna;DE-EUR 13158#sunrise-store-munich;DE-EUR 13416#sunrise-store-cologne;DE-EUR 11997#sunrise-store-hamburg;US-USD 13158#sunrise-store-boston-2;USD 16770#sunrise-store-chicago;US-USD 13158#sunrise-store-boston-1;US-USD 13416#sunrise-store-sanfrancisco;US-USD 11997#sunrise-store-newyork,,,https://s3-eu-west-1.amazonaws.com/commercetools-maximilian/products/086061_1_large.jpg,,,,,,,,,,,,,,,,,,,,D3362W GIGA 129,86061,M0E20000000FCKY,86061,savetheduck,,,l,3,beige,beige,,beige,,,,,women,A15,,,,
main,1,M0E20000000FBLO,EUR 41125;EUR 26967 b2b;US-USD 41125;USD 26967 b2b;DE-EUR 32900;IT-EUR 32900;GB-EUR 32900;DE-EUR 29610#sunrise-store-berlin;EUR 42770#sunrise-store-vienna;DE-EUR 33229#sunrise-store-munich;DE-EUR 30597#sunrise-store-cologne;DE-EUR 36190#sunrise-store-hamburg;US-USD 29610#sunrise-store-boston-2;USD 42770#sunrise-store-chicago;US-USD 33229#sunrise-store-boston-1;US-USD 30597#sunrise-store-sanfrancisco;US-USD 36190#sunrise-store-newyork,standard,Women>Clothing>Jackets,https://s3-eu-west-1.amazonaws.com/commercetools-maximilian/products/085956_1_medium.jpg,Bully – Leather Jacket,"Thanks to their perfect tailoring, leather jackets by Bully are a favorite choice, not only for fashion insiders. Softest leather and modern manufacturing techniques create investment pieces that will add status to any look for a long time!",bully-leather-jacket-251-grey,,,,Bully – Lederjacke,"Lederjacken von Bully stehen Dank ihrem perfekten Schnitt nicht nur bei Fashion- Insidern hoch im Kurs. Butterweiches Leder und moderne Verarbeitungstechniken lassen Investment- Pieces entstehen, die ein Leben lang begleiten!",bully-lederjacke-251-grau,,,,,,,,,,,251 919 GRIGIO,85956,M0E20000000FBLO,85956,bully,no,,xxs,34,grey,grey,,grau,,,,sporty,women,A15,,,,
,2,M0E20000000FBLP,EUR 41125;EUR 26967 b2b;US-USD 41125;USD 26967 b2b;DE-EUR 32900;IT-EUR 32900;GB-EUR 32900;DE-EUR 30268#sunrise-store-berlin;EUR 45238#sunrise-store-vienna;DE-EUR 30268#sunrise-store-munich;DE-EUR 32900#sunrise-store-cologne;DE-EUR 33229#sunrise-store-hamburg;US-USD 30268#sunrise-store-boston-2;USD 45238#sunrise-store-chicago;US-USD 30268#sunrise-store-boston-1;US-USD 32900#sunrise-store-sanfrancisco;US-USD 33229#sunrise-store-newyork,,,https://s3-eu-west-1.amazonaws.com/commercetools-maximilian/products/085956_1_medium.jpg,,,,,,,,,,,,,,,,,,,,251 919 GRIGIO,85956,M0E20000000FBLP,85956,bully,no,,xxs,36,grey,grey,,grau,,,,sporty,women,A15,,,,
,3,M0E20000000FBLQ,EUR 41125;EUR 26967 b2b;US-USD 41125;USD 26967 b2b;DE-EUR 32900;IT-EUR 32900;GB-EUR 32900;DE-EUR 32242#sunrise-store-berlin;EUR 41536#sunrise-store-vienna;DE-EUR 32242#sunrise-store-munich;DE-EUR 29610#sunrise-store-cologne;DE-EUR 35532#sunrise-store-hamburg;US-USD 32242#sunrise-store-boston-2;USD 41536#sunrise-store-chicago;US-USD 32242#sunrise-store-boston-1;US-USD 29610#sunrise-store-sanfrancisco;US-USD 35532#sunrise-store-newyork,,,https://s3-eu-west-1.amazonaws.com/commercetools-maximilian/products/085956_1_medium.jpg,,,,,,,,,,,,,,,,,,,,251 919 GRIGIO,85956,M0E20000000FBLQ,85956,bully,no,,xxs,38,grey,grey,,grau,,,,sporty,women,A15,,,,
,4,M0E20000000FBLR,EUR 41125;EUR 26967 b2b;US-USD 41125;USD 26967 b2b;DE-EUR 32900;IT-EUR 32900;GB-EUR 32900;DE-EUR 36190#sunrise-store-berlin;EUR 44004#sunrise-store-vienna;DE-EUR 32900#sunrise-store-munich;DE-EUR 31913#sunrise-store-cologne;DE-EUR 35861#sunrise-store-hamburg;US-USD 36190#sunrise-store-boston-2;USD 44004#sunrise-store-chicago;US-USD 32900#sunrise-store-boston-1;US-USD 31913#sunrise-store-sanfrancisco;US-USD 35861#sunrise-store-newyork,,,https://s3-eu-west-1.amazonaws.com/commercetools-maximilian/products/085956_1_medium.jpg,,,,,,,,,,,,,,,,,,,,251 919 GRIGIO,85956,M0E20000000FBLR,85956,bully,no,,xs,40,grey,grey,,grau,,,,sporty,women,A15,,,,
,5,M0E20000000FBLS,EUR 41125;EUR 26967 b2b;US-USD 41125;USD 26967 b2b;DE-EUR 32900;IT-EUR 32900;GB-EUR 32900;DE-EUR 31255#sunrise-store-berlin;EUR 44826#sunrise-store-vienna;DE-EUR 34874#sunrise-store-munich;DE-EUR 32242#sunrise-store-cologne;DE-EUR 31255#sunrise-store-hamburg;US-USD 31255#sunrise-store-boston-2;USD 44826#sunrise-store-chicago;US-USD 34874#sunrise-store-boston-1;US-USD 32242#sunrise-store-sanfrancisco;US-USD 31255#sunrise-store-newyork,,,https://s3-eu-west-1.amazonaws.com/commercetools-maximilian/products/085956_1_medium.jpg,,,,,,,,,,,,,,,,,,,,251 919 GRIGIO,85956,M0E20000000FBLS,85956,bully,no,,s,42,grey,grey,,grau,,,,sporty,women,A15,,,,
main,1,M0E20000000DTTH,EUR 69375;EUR 45492 b2b;US-USD 69375;USD 45492 b2b;DE-EUR 55500;IT-EUR 55500;GB-EUR 55500;DE-EUR 51060#sunrise-store-berlin;EUR 64519#sunrise-store-vienna;DE-EUR 55500#sunrise-store-munich;DE-EUR 53280#sunrise-store-cologne;DE-EUR 51060#sunrise-store-hamburg;US-USD 51060#sunrise-store-boston-2;USD 64519#sunrise-store-chicago;US-USD 55500#sunrise-store-boston-1;US-USD 53280#sunrise-store-sanfrancisco;US-USD 51060#sunrise-store-newyork,standard,Men>Clothing>Jackets,https://s3-eu-west-1.amazonaws.com/commercetools-maximilian/products/078826_1_medium.jpg,Down jacket ”Daniel” Moncler grey,,moncler-downjacket-daniel-911-grey,,,,Daunenjacke „Daniel” Moncler grau,,moncler-daunenjacke-daniel-911-grau,,,,,,,,,,,DANIEL 911,78826,M0E20000000DTTH,78826,moncler,no,,xs,0,grey,grey,,grau,,,,sporty,men,s15,,,,
,2,M0E20000000DTTI,EUR 69375;EUR 45492 b2b;US-USD 69375;USD 45492 b2b;DE-EUR 55500;IT-EUR 55500;GB-EUR 55500;DE-EUR 54390#sunrise-store-berlin;EUR 72844#sunrise-store-vienna;DE-EUR 58830#sunrise-store-munich;DE-EUR 59940#sunrise-store-cologne;DE-EUR 54390#sunrise-store-hamburg;US-USD 54390#sunrise-store-boston-2;USD 72844#sunrise-store-chicago;US-USD 58830#sunrise-store-boston-1;US-USD 59940#sunrise-store-sanfrancisco;US-USD 54390#sunrise-store-newyork,,,https://s3-eu-west-1.amazonaws.com/commercetools-maximilian/products/078826_1_medium.jpg,,,,,,,,,,,,,,,,,,,,DANIEL 911,78826,M0E20000000DTTI,78826,moncler,no,,s,1,grey,grey,,grau,,,,sporty,men,s15,,,,
,3,M0E20000000DTTJ,EUR 69375;EUR 45492 b2b;US-USD 69375;USD 45492 b2b;DE-EUR 55500;IT-EUR 55500;GB-EUR 55500;DE-EUR 61050#sunrise-store-berlin;EUR 63131#sunrise-store-vienna;DE-EUR 59940#sunrise-store-munich;DE-EUR 52170#sunrise-store-cologne;DE-EUR 55500#sunrise-store-hamburg;US-USD 61050#sunrise-store-boston-2;USD 63131#sunrise-store-chicago;US-USD 59940#sunrise-store-boston-1;US-USD 52170#sunrise-store-sanfrancisco;US-USD 55500#sunrise-store-newyork,,,https://s3-eu-west-1.amazonaws.com/commercetools-maximilian/products/078826_1_medium.jpg,,,,,,,,,,,,,,,,,,,,DANIEL 911,78826,M0E20000000DTTJ,78826,moncler,no,,m,2,grey,grey,,grau,,,,sporty,men,s15,TRUE,,,
,4,M0E20000000DTTK,EUR 69375;EUR 45492 b2b;US-USD 69375;USD 45492 b2b;DE-EUR 55500;IT-EUR 55500;GB-EUR 55500;DE-EUR 52725#sunrise-store-berlin;EUR 63825#sunrise-store-vienna;DE-EUR 51615#sunrise-store-munich;DE-EUR 52725#sunrise-store-cologne;DE-EUR 58830#sunrise-store-hamburg;US-USD 52725#sunrise-store-boston-2;USD 63825#sunrise-store-chicago;US-USD 51615#sunrise-store-boston-1;US-USD 52725#sunrise-store-sanfrancisco;US-USD 58830#sunrise-store-newyork,,,https://s3-eu-west-1.amazonaws.com/commercetools-maximilian/products/078826_1_medium.jpg,,,,,,,,,,,,,,,,,,,,DANIEL 911,78826,M0E20000000DTTK,78826,moncler,no,,l,3,grey,grey,,grau,,,,sporty,men,s15,TRUE,,,
main,1,M0E20000000E8UH,EUR 14875;EUR 9754 b2b;US-USD 14875;USD 9754 b2b;DE-EUR 11900;IT-EUR 11900;GB-EUR 11900;DE-EUR 11900#sunrise-store-berlin;EUR 14429#sunrise-store-vienna;DE-EUR 11186#sunrise-store-munich;DE-EUR 12614#sunrise-store-cologne;DE-EUR 12971#sunrise-store-hamburg;US-USD 11900#sunrise-store-boston-2;USD 14429#sunrise-store-chicago;US-USD 11186#sunrise-store-boston-1;US-USD 12614#sunrise-store-sanfrancisco;US-USD 12971#sunrise-store-newyork,standard,Men>Clothing>Shirts,https://s3-eu-west-1.amazonaws.com/commercetools-maximilian/products/080610_1_medium.jpg,Shirt Himons multi,,himons-shirt-6154-492-multi,,,,Hemd Himons multi,,himons-hemd-6154-492-multi,,,,,,,,,,,6154 159L 492,80610,M0E20000000E8UH,80610,himons,no,,xs,36,multicolored,multi,,multi,,,,business,men,s15,,,,
,2,M0E20000000E8UI,EUR 14875;EUR 9754 b2b;US-USD 14875;USD 9754 b2b;DE-EUR 11900;IT-EUR 11900;GB-EUR 11900;DE-EUR 12733#sunrise-store-berlin;EUR 14578#sunrise-store-vienna;DE-EUR 11900#sunrise-store-munich;DE-EUR 12733#sunrise-store-cologne;DE-EUR 11305#sunrise-store-hamburg;US-USD 12733#sunrise-store-boston-2;USD 14578#sunrise-store-chicago;US-USD 11900#sunrise-store-boston-1;US-USD 12733#sunrise-store-sanfrancisco;US-USD 11305#sunrise-store-newyork,,,https://s3-eu-west-1.amazonaws.com/commercetools-maximilian/products/080610_1_medium.jpg,,,,,,,,,,,,,,,,,,,,6154 159L 492,80610,M0E20000000E8UI,80610,himons,no,,xs,37,multicolored,multi,,multi,,,,business,men,s15,,,,
,3,M0E20000000E8UJ,EUR 14875;EUR 9754 b2b;US-USD 14875;USD 9754 b2b;DE-EUR 11900;IT-EUR 11900;GB-EUR 11900;DE-EUR 12852#sunrise-store-berlin;EUR 15619#sunrise-store-vienna;DE-EUR 10829#sunrise-store-munich;DE-EUR 11067#sunrise-store-cologne;DE-EUR 11543#sunrise-store-hamburg;US-USD 12852#sunrise-store-boston-2;USD 15619#sunrise-store-chicago;US-USD 10829#sunrise-store-boston-1;US-USD 11067#sunrise-store-sanfrancisco;US-USD 11543#sunrise-store-newyork,,,https://s3-eu-west-1.amazonaws.com/commercetools-maximilian/products/080610_1_medium.jpg,,,,,,,,,,,,,,,,,,,,6154 159L 492,80610,M0E20000000E8UJ,80610,himons,no,,s,38,multicolored,multi,,multi,,,,business,men,s15,,,,
,4,M0E20000000E8UK,EUR 14875;EUR 9754 b2b;US-USD 14875;USD 9754 b2b;DE-EUR 11900;IT-EUR 11900;GB-EUR 11900;DE-EUR 11186#sunrise-store-berlin;EUR 14280#sunrise-store-vienna;DE-EUR 11662#sunrise-store-munich;DE-EUR 12376#sunrise-store-cologne;DE-EUR 12257#sunrise-store-hamburg;US-USD 11186#sunrise-store-boston-2;USD 14280#sunrise-store-chicago;US-USD 11662#sunrise-store-boston-1;US-USD 12376#sunrise-store-sanfrancisco;US-USD 12257#sunrise-store-newyork,,,https://s3-eu-west-1.amazonaws.com/commercetools-maximilian/products/080610_1_medium.jpg,,,,,,,,,,,,,,,,,,,,6154 159L 492,80610,M0E20000000E8UK,80610,himons,no,,s,39,multicolored,multi,,multi,,,,business,men,s15,,,,
,5,M0E20000000E8UL,EUR 14875;EUR 9754 b2b;US-USD 14875;USD 9754 b2b;DE-EUR 11900;IT-EUR 11900;GB-EUR 11900;DE-EUR 12614#sunrise-store-berlin;EUR 15172#sunrise-store-vienna;DE-EUR 11781#sunrise-store-munich;DE-EUR 10710#sunrise-store-cologne;DE-EUR 12376#sunrise-store-hamburg;US-USD 12614#sunrise-store-boston-2;USD 15172#sunrise-store-chicago;US-USD 11781#sunrise-store-boston-1;US-USD 10710#sunrise-store-sanfrancisco;US-USD 12376#sunrise-store-newyork,,,https://s3-eu-west-1.amazonaws.com/commercetools-maximilian/products/080610_1_medium.jpg,,,,,,,,,,,,,,,,,,,,6154 159L 492,80610,M0E20000000E8UL,80610,himons,no,,m,40,multicolored,multi,,multi,,,,business,men,s15,,,,
main,1,M0E20000000E2LP,EUR 15250;EUR 10000 b2b;US-USD 15250;USD 10000 b2b;DE-EUR 12200;IT-EUR 12200;GB-EUR 12200;DE-EUR 12200#sunrise-store-berlin;EUR 16775#sunrise-store-vienna;DE-EUR 13054#sunrise-store-munich;DE-EUR 12810#sunrise-store-cologne;DE-EUR 12932#sunrise-store-hamburg;US-USD 12200#sunrise-store-boston-2;USD 16775#sunrise-store-chicago;US-USD 13054#sunrise-store-boston-1;US-USD 12810#sunrise-store-sanfrancisco;US-USD 12932#sunrise-store-newyork,standard,Men>Clothing>Shirts,https://s3-eu-west-1.amazonaws.com/commercetools-maximilian/products/079877_1_medium.jpg,Shirt Polo Ralph Lauren multi,,poloralphlauren-shirt-A04WSPR5CPOSA-multi,,,,Hemd Polo Ralph Lauren multi,,poloralphlauren-hemd-A04WSPR5CPOSA-multi,,,,,,,,,,,A04WSPR5 CPOSA I7SP3,79877,M0E20000000E2LP,79877,poloralphlauren,no,,xxs,XXS,multicolored,multi,,multi,,,,sporty,men,s15,,,,
,2,M0E20000000E2LQ,EUR 15250;EUR 10000 b2b;US-USD 15250;USD 10000 b2b;DE-EUR 12200;IT-EUR 12200;GB-EUR 12200;DE-EUR 11102#sunrise-store-berlin;EUR 14640#sunrise-store-vienna;DE-EUR 13176#sunrise-store-munich;DE-EUR 10980#sunrise-store-cologne;DE-EUR 13054#sunrise-store-hamburg;US-USD 11102#sunrise-store-boston-2;USD 14640#sunrise-store-chicago;US-USD 13176#sunrise-store-boston-1;US-USD 10980#sunrise-store-sanfrancisco;US-USD 13054#sunrise-store-newyork,,,https://s3-eu-west-1.amazonaws.com/commercetools-maximilian/products/079877_1_medium.jpg,,,,,,,,,,,,,,,,,,,,A04WSPR5 CPOSA I7SP3,79877,M0E20000000E2LQ,79877,poloralphlauren,no,,xs,XS,multicolored,multi,,multi,,,,sporty,men,s15,,,,
,3,M0E20000000E2LR,EUR 15250;EUR 10000 b2b;US-USD 15250;USD 10000 b2b;DE-EUR 12200;IT-EUR 12200;GB-EUR 12200;DE-EUR 11834#sunrise-store-berlin;EUR 14792#sunrise-store-vienna;DE-EUR 11468#sunrise-store-munich;DE-EUR 11224#sunrise-store-cologne;DE-EUR 11346#sunrise-store-hamburg;US-USD 11834#sunrise-store-boston-2;USD 14792#sunrise-store-chicago;US-USD 11468#sunrise-store-boston-1;US-USD 11224#sunrise-store-sanfrancisco;US-USD 11346#sunrise-store-newyork,,,https://s3-eu-west-1.amazonaws.com/commercetools-maximilian/products/079877_1_medium.jpg,,,,,,,,,,,,,,,,,,,,A04WSPR5 CPOSA I7SP3,79877,M0E20000000E2LR,79877,poloralphlauren,no,,s,S,multicolored,multi,,multi,,,,sporty,men,s15,TRUE,,,
,4,M0E20000000E2LS,EUR 15250;EUR 10000 b2b;US-USD 15250;USD 10000 b2b;DE-EUR 12200;IT-EUR 12200;GB-EUR 12200;DE-EUR 12078#sunrise-store-berlin;EUR 15860#sunrise-store-vienna;DE-EUR 12810#sunrise-store-munich;DE-EUR 11956#sunrise-store-cologne;DE-EUR 12688#sunrise-store-hamburg;US-USD 12078#sunrise-store-boston-2;USD 15860#sunrise-store-chicago;US-USD 12810#sunrise-store-boston-1;US-USD 11956#sunrise-store-sanfrancisco;US-USD 12688#sunrise-store-newyork,,,https://s3-eu-west-1.amazonaws.com/commercetools-maximilian/products/079877_1_medium.jpg,,,,,,,,,,,,,,,,,,,,A04WSPR5 CPOSA I7SP3,79877,M0E20000000E2LS,79877,poloralphlauren,no,,m,M,multicolored,multi,,multi,,,,sporty,men,s15,,,,
main,1,M0E20000000DUIR,EUR 33125;EUR 21721 b2b;US-USD 33125;USD 21721 b2b;DE-EUR 26500;IT-EUR 26500;GB-EUR 26500;DE-EUR 25970#sunrise-store-berlin;EUR 30144#sunrise-store-vienna;DE-EUR 28620#sunrise-store-munich;DE-EUR 24910#sunrise-store-cologne;DE-EUR 29150#sunrise-store-hamburg;US-USD 25970#sunrise-store-boston-2;USD 30144#sunrise-store-chicago;US-USD 28620#sunrise-store-boston-1;US-USD 24910#sunrise-store-sanfrancisco;US-USD 29150#sunrise-store-newyork,standard,New>Men>Clothing>Trousers;Men>Clothing>Trousers,https://s3-eu-west-1.amazonaws.com/commercetools-maximilian/products/078893_1_large.jpg,Pants Jacob Cohen green,,jacob-cohen-trousers-j622-697-green,,,,Hose Jacob Cohen grün,,jacob-cohen-hose-j622-697-gruen,,,,,,,,,,,J622 COM VIN 8605 697 697,78893,M0E20000000DUIR,78893,jacobcohen,yes,,xs,24,green,green,,grün,,,,sporty,men,s15,,,,
,2,M0E20000000DUIS,EUR 33125;EUR 21721 b2b;US-USD 33125;USD 21721 b2b;DE-EUR 26500;IT-EUR 26500;GB-EUR 26500;DE-EUR 27560#sunrise-store-berlin;EUR 30475#sunrise-store-vienna;DE-EUR 24645#sunrise-store-munich;DE-EUR 25440#sunrise-store-cologne;DE-EUR 25175#sunrise-store-hamburg;US-USD 27560#sunrise-store-boston-2;USD 30475#sunrise-store-chicago;US-USD 24645#sunrise-store-boston-1;US-USD 25440#sunrise-store-sanfrancisco;US-USD 25175#sunrise-store-newyork,,,https://s3-eu-west-1.amazonaws.com/commercetools-maximilian/products/078893_1_large.jpg,,,,,,,,,,,,,,,,,,,,J622 COM VIN 8605 697 697,78893,M0E20000000DUIS,78893,jacobcohen,yes,,xs,25,green,green,,grün,,,,sporty,men,s15,,,,
,3,M0E20000000DUIT,EUR 33125;EUR 21721 b2b;US-USD 33125;USD 21721 b2b;DE-EUR 26500;IT-EUR 26500;GB-EUR 26500;DE-EUR 27825#sunrise-store-berlin;EUR 32794#sunrise-store-vienna;DE-EUR 27825#sunrise-store-munich;DE-EUR 27030#sunrise-store-cologne;DE-EUR 28355#sunrise-store-hamburg;US-USD 27825#sunrise-store-boston-2;USD 32794#sunrise-store-chicago;US-USD 27825#sunrise-store-boston-1;US-USD 27030#sunrise-store-sanfrancisco;US-USD 28355#sunrise-store-newyork,,,https://s3-eu-west-1.amazonaws.com/commercetools-maximilian/products/078893_1_large.jpg,,,,,,,,,,,,,,,,,,,,J622 COM VIN 8605 697 697,78893,M0E20000000DUIT,78893,jacobcohen,yes,,xs,26,green,green,,grün,,,,sporty,men,s15,,,,
main,1,M0E20000000DGJM,EUR 8625;EUR 5656 b2b;US-USD 8625;USD 5656 b2b;DE-EUR 6900;IT-EUR 6900;GB-EUR 6900;DE-EUR 6348#sunrise-store-berlin;EUR 9229#sunrise-store-vienna;DE-EUR 7107#sunrise-store-munich;DE-EUR 7590#sunrise-store-cologne;DE-EUR 6900#sunrise-store-hamburg;US-USD 6348#sunrise-store-boston-2;USD 9229#sunrise-store-chicago;US-USD 7107#sunrise-store-boston-1;US-USD 7590#sunrise-store-sanfrancisco;US-USD 6900#sunrise-store-newyork,standard,Men>Clothing>Trousers,https://s3-eu-west-1.amazonaws.com/commercetools-maximilian/products/072066_1_large.jpg,Shorts America Sun68 beige,,sun68-shorts-15167-beige,,,,Shorts America Sun68 beige,,sun68-kurze-hose-15167-beige,,,,,,,,,,,15167 16,72066,M0E20000000DGJM,72066,sun67,no,,xs,24,beige,beige,,beige,,,,sporty,men,s15,,,,
,2,M0E20000000DGJN,EUR 8625;EUR 5656 b2b;US-USD 8625;USD 5656 b2b;DE-EUR 6900;IT-EUR 6900;GB-EUR 6900;DE-EUR 6831#sunrise-store-berlin;EUR 9315#sunrise-store-vienna;DE-EUR 7521#sunrise-store-munich;DE-EUR 6210#sunrise-store-cologne;DE-EUR 7383#sunrise-store-hamburg;US-USD 6831#sunrise-store-boston-2;USD 9315#sunrise-store-chicago;US-USD 7521#sunrise-store-boston-1;US-USD 6210#sunrise-store-sanfrancisco;US-USD 7383#sunrise-store-newyork,,,https://s3-eu-west-1.amazonaws.com/commercetools-maximilian/products/072066_1_large.jpg,,,,,,,,,,,,,,,,,,,,15167 16,72066,M0E20000000DGJN,72066,sun67,no,,xs,25,beige,beige,,beige,,,,sporty,men,s15,,,,
,3,M0E20000000DGJO,EUR 8625;EUR 5656 b2b;US-USD 8625;USD 5656 b2b;DE-EUR 6900;IT-EUR 6900;GB-EUR 6900;DE-EUR 6900#sunrise-store-berlin;EUR 8021#sunrise-store-vienna;DE-EUR 6900#sunrise-store-munich;DE-EUR 6693#sunrise-store-cologne;DE-EUR 6693#sunrise-store-hamburg;US-USD 6900#sunrise-store-boston-2;USD 8021#sunrise-store-chicago;US-USD 6900#sunrise-store-boston-1;US-USD 6693#sunrise-store-sanfrancisco;US-USD 6693#sunrise-store-newyork,,,https://s3-eu-west-1.amazonaws.com/commercetools-maximilian/products/072066_1_large.jpg,,,,,,,,,,,,,,,,,,,,15167 16,72066,M0E20000000DGJO,72066,sun67,no,,xs,26,beige,beige,,beige,,,,sporty,men,s15,,,,
,4,M0E20000000DGJP,EUR 8625;EUR 5656 b2b;US-USD 8625;USD 5656 b2b;DE-EUR 6900;IT-EUR 6900;GB-EUR 6900;DE-EUR 7383#sunrise-store-berlin;EUR 9056#sunrise-store-vienna;DE-EUR 7314#sunrise-store-munich;DE-EUR 7521#sunrise-store-cologne;DE-EUR 7107#sunrise-store-hamburg;US-USD 7383#sunrise-store-boston-2;USD 9056#sunrise-store-chicago;US-USD 7314#sunrise-store-boston-1;US-USD 7521#sunrise-store-sanfrancisco;US-USD 7107#sunrise-store-newyork,,,https://s3-eu-west-1.amazonaws.com/commercetools-maximilian/products/072066_1_large.jpg,,,,,,,,,,,,,,,,,,,,15167 16,72066,M0E20000000DGJP,72066,sun67,no,,xs,27,beige,beige,,beige,,,,sporty,men,s15,,,,
main,1,M0E20000000EXD0,EUR 19375;EUR 12705 b2b;US-USD 19375;USD 12705 b2b;DE-EUR 15500;IT-EUR 15500;GB-EUR 15500;DE-EUR 14260#sunrise-store-berlin;EUR 21312#sunrise-store-vienna;DE-EUR 13950#sunrise-store-munich;DE-EUR 14260#sunrise-store-cologne;DE-EUR 14105#sunrise-store-hamburg;US-USD 14260#sunrise-store-boston-2;USD 21312#sunrise-store-chicago;US-USD 13950#sunrise-store-boston-1;US-USD 14260#sunrise-store-sanfrancisco;US-USD 14105#sunrise-store-newyork,standard,Men>Clothing>Jeans,https://s3-eu-west-1.amazonaws.com/commercetools-maximilian/products/084144_1_medium.jpg,Siviglia – jeans,Italian fashion label Siviglia designs ultimate favorites for cool looks. The progressive cut and comfortable sit will make them advance quickly to everyday favorites.,siviglia-jeans-22n3s4086001-blue,,,,Siviglia – jeans,Das italienische Trendlabel Siviglia entwirft absolute Lieblingsteile für coole Looks. Der progressive Schnitt und komfortable Sitz lassen sie schnell zum Alltagsliebling avancieren.,siviglia-jeans-22n3s4086001-blau,,,,,,,,,,,23N2 S408 6001,84144,M0E20000000EXD0,84144,siviglia,yes,,xs,24,blue,dark blue,,dunkelblau,,,,sporty,men,A15,,,,
,2,M0E20000000EXD1,EUR 19375;EUR 12705 b2b;US-USD 19375;USD 12705 b2b;DE-EUR 15500;IT-EUR 15500;GB-EUR 15500;DE-EUR 14415#sunrise-store-berlin;EUR 18406#sunrise-store-vienna;DE-EUR 15810#sunrise-store-munich;DE-EUR 15190#sunrise-store-cologne;DE-EUR 15965#sunrise-store-hamburg;US-USD 14415#sunrise-store-boston-2;USD 18406#sunrise-store-chicago;US-USD 15810#sunrise-store-boston-1;US-USD 15190#sunrise-store-sanfrancisco;US-USD 15965#sunrise-store-newyork,,,https://s3-eu-west-1.amazonaws.com/commercetools-maximilian/products/084144_1_medium.jpg,,,,,,,,,,,,,,,,,,,,23N2 S408 6001,84144,M0E20000000EXD1,84144,siviglia,yes,,xs,25,blue,dark blue,,dunkelblau,,,,sporty,men,A15,,,,
,3,M0E20000000EXD2,EUR 19375;EUR 12705 b2b;US-USD 19375;USD 12705 b2b;DE-EUR 15500;IT-EUR 15500;GB-EUR 15500;DE-EUR 15500#sunrise-store-berlin;EUR 20731#sunrise-store-vienna;DE-EUR 16895#sunrise-store-munich;DE-EUR 17050#sunrise-store-cologne;DE-EUR 17050#sunrise-store-hamburg;US-USD 15500#sunrise-store-boston-2;USD 20731#sunrise-store-chicago;US-USD 16895#sunrise-store-boston-1;US-USD 17050#sunrise-store-sanfrancisco;US-USD 17050#sunrise-store-newyork,,,https://s3-eu-west-1.amazonaws.com/commercetools-maximilian/products/084144_1_medium.jpg,,,,,,,,,,,,,,,,,,,,23N2 S408 6001,84144,M0E20000000EXD2,84144,siviglia,yes,,xs,26,blue,dark blue,,dunkelblau,,,,sporty,men,A15,,,,
main,1,M0E20000000E217,EUR 24375;EUR 15984 b2b;US-USD 24375;USD 15984 b2b;DE-EUR 19500;IT-EUR 19500;GB-EUR 19500;DE-EUR 19890#sunrise-store-berlin;EUR 24862#sunrise-store-vienna;DE-EUR 19110#sunrise-store-munich;DE-EUR 20670#sunrise-store-cologne;DE-EUR 19695#sunrise-store-hamburg;US-USD 19890#sunrise-store-boston-2;USD 24862#sunrise-store-chicago;US-USD 19110#sunrise-store-boston-1;US-USD 20670#sunrise-store-sanfrancisco;US-USD 19695#sunrise-store-newyork,standard,Men>Clothing>Jeans,https://s3-eu-west-1.amazonaws.com/commercetools-maximilian/products/079783_1_medium.jpg,jeans Siviglia dark blue,,siviglia-jeans-23N2S4006001-darkblue,,,,jeans Siviglia dunkelblau,,siviglia-jeans-23N2S4006001-dunkelblau,,,,,,,,,,,23N2 S400 6001,79783,M0E20000000E217,79783,siviglia,yes,,xs,24,blue,dark blue,,dunkelblau,,,,sporty,men,s15,,,,
,2,M0E20000000E218,EUR 24375;EUR 15984 b2b;US-USD 24375;USD 15984 b2b;DE-EUR 19500;IT-EUR 19500;GB-EUR 19500;DE-EUR 20085#sunrise-store-berlin;EUR 26325#sunrise-store-vienna;DE-EUR 17940#sunrise-store-munich;DE-EUR 17745#sunrise-store-cologne;DE-EUR 17745#sunrise-store-hamburg;US-USD 20085#sunrise-store-boston-2;USD 26325#sunrise-store-chicago;US-USD 17940#sunrise-store-boston-1;US-USD 17745#sunrise-store-sanfrancisco;US-USD 17745#sunrise-store-newyork,,,https://s3-eu-west-1.amazonaws.com/commercetools-maximilian/products/079783_1_medium.jpg,,,,,,,,,,,,,,,,,,,,23N2 S400 6001,79783,M0E20000000E218,79783,siviglia,yes,,xs,25,blue,dark blue,,dunkelblau,,,,sporty,men,s15,,,,
,3,M0E20000000E219,EUR 24375;EUR 15984 b2b;US-USD 24375;USD 15984 b2b;DE-EUR 19500;IT-EUR 19500;GB-EUR 19500;DE-EUR 21450#sunrise-store-berlin;EUR 24131#sunrise-store-vienna;DE-EUR 19110#sunrise-store-munich;DE-EUR 19890#sunrise-store-cologne;DE-EUR 19110#sunrise-store-hamburg;US-USD 21450#sunrise-store-boston-2;USD 24131#sunrise-store-chicago;US-USD 19110#sunrise-store-boston-1;US-USD 19890#sunrise-store-sanfrancisco;US-USD 19110#sunrise-store-newyork,,,https://s3-eu-west-1.amazonaws.com/commercetools-maximilian/products/079783_1_medium.jpg,,,,,,,,,,,,,,,,,,,,23N2 S400 6001,79783,M0E20000000E219,79783,siviglia,yes,,xs,26,blue,dark blue,,dunkelblau,,,,sporty,men,s15,,,,
,4,M0E20000000E21A,EUR 24375;EUR 15984 b2b;US-USD 24375;USD 15984 b2b;DE-EUR 19500;IT-EUR 19500;GB-EUR 19500;DE-EUR 19305#sunrise-store-berlin;EUR 26812#sunrise-store-vienna;DE-EUR 21255#sunrise-store-munich;DE-EUR 17940#sunrise-store-cologne;DE-EUR 21255#sunrise-store-hamburg;US-USD 19305#sunrise-store-boston-2;USD 26812#sunrise-store-chicago;US-USD 21255#sunrise-store-boston-1;US-USD 17940#sunrise-store-sanfrancisco;US-USD 21255#sunrise-store-newyork,,,https://s3-eu-west-1.amazonaws.com/commercetools-maximilian/products/079783_1_medium.jpg,,,,,,,,,,,,,,,,,,,,23N2 S400 6001,79783,M0E20000000E21A,79783,siviglia,yes,,xs,27,blue,dark blue,,dunkelblau,,,,sporty,men,s15,,,,
main,1,M0E20000000DWVX,EUR 51250;EUR 33607 b2b;US-USD 51250;USD 33607 b2b;DE-EUR 41000;IT-EUR 41000;GB-EUR 41000;DE-EUR 45100#sunrise-store-berlin;EUR 46125#sunrise-store-vienna;DE-EUR 38950#sunrise-store-munich;DE-EUR 40180#sunrise-store-cologne;DE-EUR 39770#sunrise-store-hamburg;US-USD 45100#sunrise-store-boston-2;USD 46125#sunrise-store-chicago;US-USD 38950#sunrise-store-boston-1;US-USD 40180#sunrise-store-sanfrancisco;US-USD 39770#sunrise-store-newyork,standard,Men>Shoes>Lace-up shoes,https://s3-eu-west-1.amazonaws.com/commercetools-maximilian/products/079093_1_medium.jpg,Lace up shoes Tods black,,tods-shoes-sx0h370d90-black,,,,Schnürschuhe Tods schwarz,,tods-schuhe-sx0h370d90-schwarz,,,,,,,,,,,XXM0SX0H370D90B999,79093,M0E20000000DWVX,79093,tods,yes,,39,5,black,black,,schwarz,,,,business,men,s15,,,,
,2,M0E20000000DWVY,EUR 51250;EUR 33607 b2b;US-USD 51250;USD 33607 b2b;DE-EUR 41000;IT-EUR 41000;GB-EUR 41000;DE-EUR 41000#sunrise-store-berlin;EUR 49200#sunrise-store-vienna;DE-EUR 39360#sunrise-store-munich;DE-EUR 43050#sunrise-store-cologne;DE-EUR 40590#sunrise-store-hamburg;US-USD 41000#sunrise-store-boston-2;USD 49200#sunrise-store-chicago;US-USD 39360#sunrise-store-boston-1;US-USD 43050#sunrise-store-sanfrancisco;US-USD 40590#sunrise-store-newyork,,,https://s3-eu-west-1.amazonaws.com/commercetools-maximilian/products/079093_1_medium.jpg,,,,,,,,,,,,,,,,,,,,XXM0SX0H370D90B999,79093,M0E20000000DWVY,79093,tods,yes,,39.5,5.5,black,black,,schwarz,,,,business,men,s15,,,,
,3,M0E20000000DWVZ,EUR 51250;EUR 33607 b2b;US-USD 51250;USD 33607 b2b;DE-EUR 41000;IT-EUR 41000;GB-EUR 41000;DE-EUR 43870#sunrise-store-berlin;EUR 49712#sunrise-store-vienna;DE-EUR 42230#sunrise-store-munich;DE-EUR 43460#sunrise-store-cologne;DE-EUR 43050#sunrise-store-hamburg;US-USD 43870#sunrise-store-boston-2;USD 49712#sunrise-store-chicago;US-USD 42230#sunrise-store-boston-1;US-USD 43460#sunrise-store-sanfrancisco;US-USD 43050#sunrise-store-newyork,,,https://s3-eu-west-1.amazonaws.com/commercetools-maximilian/products/079093_1_medium.jpg,,,,,,,,,,,,,,,,,,,,XXM0SX0H370D90B999,79093,M0E20000000DWVZ,79093,tods,yes,,40,6,black,black,,schwarz,,,,business,men,s15,,,,
main,1,M0E20000000DWZE,EUR 36250;EUR 23770 b2b;US-USD 36250;USD 23770 b2b;DE-EUR 29000;IT-EUR 29000;GB-EUR 29000;DE-EUR 26390#sunrise-store-berlin;EUR 39512#sunrise-store-vienna;DE-EUR 31610#sunrise-store-munich;DE-EUR 27840#sunrise-store-cologne;DE-EUR 26100#sunrise-store-hamburg;US-USD 26390#sunrise-store-boston-2;USD 39512#sunrise-store-chicago;US-USD 31610#sunrise-store-boston-1;US-USD 27840#sunrise-store-sanfrancisco;US-USD 26100#sunrise-store-newyork,standard,Men>Shoes>Lace-up shoes,https://s3-eu-west-1.amazonaws.com/commercetools-maximilian/products/079100_1_medium.jpg,Lace up shoes Tods blue,,tods-shoes-tf00d80re-blue,,,,Schnürschuhe Tods blau,,tods-schuhe-tf00d80re-blau,,,,,,,,,,,XXM0TF00D80RE09996,79100,M0E20000000DWZE,79100,tods,yes,,39,5,blue,blue,,blau,,,,business,men,s15,,,,
,2,M0E20000000DWZF,EUR 36250;EUR 23770 b2b;US-USD 36250;USD 23770 b2b;DE-EUR 29000;IT-EUR 29000;GB-EUR 29000;DE-EUR 28420#sunrise-store-berlin;EUR 39875#sunrise-store-vienna;DE-EUR 27260#sunrise-store-munich;DE-EUR 28130#sunrise-store-cologne;DE-EUR 28130#sunrise-store-hamburg;US-USD 28420#sunrise-store-boston-2;USD 39875#sunrise-store-chicago;US-USD 27260#sunrise-store-boston-1;US-USD 28130#sunrise-store-sanfrancisco;US-USD 28130#sunrise-store-newyork,,,https://s3-eu-west-1.amazonaws.com/commercetools-maximilian/products/079100_1_medium.jpg,,,,,,,,,,,,,,,,,,,,XXM0TF00D80RE09996,79100,M0E20000000DWZF,79100,tods,yes,,39.5,5.5,blue,blue,,blau,,,,business,men,s15,,,,
,3,M0E20000000DWZG,EUR 36250;EUR 23770 b2b;US-USD 36250;USD 23770 b2b;DE-EUR 29000;IT-EUR 29000;GB-EUR 29000;DE-EUR 28710#sunrise-store-berlin;EUR 34800#sunrise-store-vienna;DE-EUR 30740#sunrise-store-munich;DE-EUR 30160#sunrise-store-cologne;DE-EUR 31610#sunrise-store-hamburg;US-USD 28710#sunrise-store-boston-2;USD 34800#sunrise-store-chicago;US-USD 30740#sunrise-store-boston-1;US-USD 30160#sunrise-store-sanfrancisco;US-USD 31610#sunrise-store-newyork,,,https://s3-eu-west-1.amazonaws.com/commercetools-maximilian/products/079100_1_medium.jpg,,,,,,,,,,,,,,,,,,,,XXM0TF00D80RE09996,79100,M0E20000000DWZG,79100,tods,yes,,40,6,blue,blue,,blau,,,,business,men,s15,,,,
main,1,M0E20000000F1YN,EUR 124375;EUR 81557 b2b;US-USD 124375;USD 81557 b2b;DE-EUR 99500;IT-EUR 99500;GB-EUR 99500;DE-EUR 107460#sunrise-store-berlin;EUR 136812#sunrise-store-vienna;DE-EUR 98505#sunrise-store-munich;DE-EUR 91540#sunrise-store-cologne;DE-EUR 107460#sunrise-store-hamburg;US-USD 107460#sunrise-store-boston-2;USD 136812#sunrise-store-chicago;US-USD 98505#sunrise-store-boston-1;US-USD 91540#sunrise-store-sanfrancisco;US-USD 107460#sunrise-store-newyork,standard,Women>Clothing>Jackets,https://s3-eu-west-1.amazonaws.com/commercetools-maximilian/products/084902_1_medium.jpg,Moncler – Down Coat “Joinville”,The Italian label Moncler presents modern elegant Down Coat with ultimate cult status! This model keeps you cozy and warm throughout the winter. The slightly diagonal zipper and stand-up collar are absolute trendy. A piece that will get you through many seasons!,moncler-downcoat-JOINVILLE999-black,,,,Moncler – Daunenmantel „Joinville“,"Das italienische Label Moncler präsentiert uns wieder modern- elegante Daunenmäntel mit Kultstatusgarantie! Mit schräg verlaufendem, kontrastierendem Reißverschluss und Stehkragen, hält dieses Modell wohlig warm und ist gleichzeig absolut stylish. Ein Teil, das Sie von Saison zu Saison begleiten wird!",moncler-daunenmantel-JOINVILLE999-schwarz,,,,,,,,,,,JOINVILLE 999,84902,M0E20000000F1YN,84902,moncler,no,,xs,0,black,black,,schwarz,,,,sporty,women,A15,,,,
,2,M0E20000000F1YO,EUR 124375;EUR 81557 b2b;US-USD 124375;USD 81557 b2b;DE-EUR 99500;IT-EUR 99500;GB-EUR 99500;DE-EUR 93530#sunrise-store-berlin;EUR 125619#sunrise-store-vienna;DE-EUR 104475#sunrise-store-munich;DE-EUR 103480#sunrise-store-cologne;DE-EUR 93530#sunrise-store-hamburg;US-USD 93530#sunrise-store-boston-2;USD 125619#sunrise-store-chicago;US-USD 104475#sunrise-store-boston-1;US-USD 103480#sunrise-store-sanfrancisco;US-USD 93530#sunrise-store-newyork,,,https://s3-eu-west-1.amazonaws.com/commercetools-maximilian/products/084902_1_medium.jpg,,,,,,,,,,,,,,,,,,,,JOINVILLE 999,84902,M0E20000000F1YO,84902,moncler,no,,s,1,black,black,,schwarz,,,,sporty,women,A15,,,,
,3,M0E20000000F1YP,EUR 124375;EUR 81557 b2b;US-USD 124375;USD 81557 b2b;DE-EUR 99500;IT-EUR 99500;GB-EUR 99500;DE-EUR 104475#sunrise-store-berlin;EUR 133081#sunrise-store-vienna;DE-EUR 106465#sunrise-store-munich;DE-EUR 109450#sunrise-store-cologne;DE-EUR 94525#sunrise-store-hamburg;US-USD 104475#sunrise-store-boston-2;USD 133081#sunrise-store-chicago;US-USD 106465#sunrise-store-boston-1;US-USD 109450#sunrise-store-sanfrancisco;US-USD 94525#sunrise-store-newyork,,,https://s3-eu-west-1.amazonaws.com/commercetools-maximilian/products/084902_1_medium.jpg,,,,,,,,,,,,,,,,,,,,JOINVILLE 999,84902,M0E20000000F1YP,84902,moncler,no,,m,2,black,black,,schwarz,,,,sporty,women,A15,,,,
,4,M0E20000000F1YQ,EUR 124375;EUR 81557 b2b;US-USD 124375;USD 81557 b2b;DE-EUR 99500;IT-EUR 99500;GB-EUR 99500;DE-EUR 90545#sunrise-store-berlin;EUR 135569#sunrise-store-vienna;DE-EUR 91540#sunrise-store-munich;DE-EUR 89550#sunrise-store-cologne;DE-EUR 101490#sunrise-store-hamburg;US-USD 90545#sunrise-store-boston-2;USD 135569#sunrise-store-chicago;US-USD 91540#sunrise-store-boston-1;US-USD 89550#sunrise-store-sanfrancisco;US-USD 101490#sunrise-store-newyork,,,https://s3-eu-west-1.amazonaws.com/commercetools-maximilian/products/084902_1_medium.jpg,,,,,,,,,,,,,,,,,,,,JOINVILLE 999,84902,M0E20000000F1YQ,84902,moncler,no,,l,3,black,black,,schwarz,,,,sporty,women,A15,,,,
main,1,M0E20000000DKD7,EUR 19375;EUR 12705 b2b;US-USD 19375;USD 12705 b2b;DE-EUR 15500;IT-EUR 15500;GB-EUR 15500;DE-EUR 17050#sunrise-store-berlin;EUR 21119#sunrise-store-vienna;DE-EUR 15500#sunrise-store-munich;DE-EUR 15965#sunrise-store-cologne;DE-EUR 16430#sunrise-store-hamburg;US-USD 17050#sunrise-store-boston-2;USD 21119#sunrise-store-chicago;US-USD 15500#sunrise-store-boston-1;US-USD 15965#sunrise-store-sanfrancisco;US-USD 16430#sunrise-store-newyork,standard,Women>Clothing>Shirts,https://s3-eu-west-1.amazonaws.com/commercetools-maximilian/products/072645_1_medium.jpg,Shirt Pinko white,,pinko-shirt-1b10yg-white,,,,Bluse Pinko weiß,,pinko-bluse-1b10yg-weiss,,,,,,,,,,,1B10YG 4660 A99,72645,M0E20000000DKD7,72645,pinko,no,,xxs,34,white,white,,weiß,,,,sporty,women,s15,,,,
,2,M0E20000000DKD8,EUR 19375;EUR 12705 b2b;US-USD 19375;USD 12705 b2b;DE-EUR 15500;IT-EUR 15500;GB-EUR 15500;DE-EUR 14725#sunrise-store-berlin;EUR 21312#sunrise-store-vienna;DE-EUR 16430#sunrise-store-munich;DE-EUR 16120#sunrise-store-cologne;DE-EUR 14105#sunrise-store-hamburg;US-USD 14725#sunrise-store-boston-2;USD 21312#sunrise-store-chicago;US-USD 16430#sunrise-store-boston-1;US-USD 16120#sunrise-store-sanfrancisco;US-USD 14105#sunrise-store-newyork,,,https://s3-eu-west-1.amazonaws.com/commercetools-maximilian/products/072645_1_medium.jpg,,,,,,,,,,,,,,,,,,,,1B10YG 4660 A99,72645,M0E20000000DKD8,72645,pinko,no,,xxs,36,white,white,,weiß,,,,sporty,women,s15,,,,
,3,M0E20000000DKD9,EUR 19375;EUR 12705 b2b;US-USD 19375;USD 12705 b2b;DE-EUR 15500;IT-EUR 15500;GB-EUR 15500;DE-EUR 15035#sunrise-store-berlin;EUR 18600#sunrise-store-vienna;DE-EUR 15035#sunrise-store-munich;DE-EUR 13950#sunrise-store-cologne;DE-EUR 15965#sunrise-store-hamburg;US-USD 15035#sunrise-store-boston-2;USD 18600#sunrise-store-chicago;US-USD 15035#sunrise-store-boston-1;US-USD 13950#sunrise-store-sanfrancisco;US-USD 15965#sunrise-store-newyork,,,https://s3-eu-west-1.amazonaws.com/commercetools-maximilian/products/072645_1_medium.jpg,,,,,,,,,,,,,,,,,,,,1B10YG 4660 A99,72645,M0E20000000DKD9,72645,pinko,no,,xxs,38,white,white,,weiß,,,,sporty,women,s15,,,,
main,1,M0E20000000ET8O,EUR 22250;EUR 14590 b2b;US-USD 22250;USD 14590 b2b;DE-EUR 17800;IT-EUR 17800;GB-EUR 17800;DE-EUR 17622#sunrise-store-berlin;EUR 24252#sunrise-store-vienna;DE-EUR 19402#sunrise-store-munich;DE-EUR 16376#sunrise-store-cologne;DE-EUR 18156#sunrise-store-hamburg;US-USD 17622#sunrise-store-boston-2;USD 24252#sunrise-store-chicago;US-USD 19402#sunrise-store-boston-1;US-USD 16376#sunrise-store-sanfrancisco;US-USD 18156#sunrise-store-newyork,standard,Women>Clothing>Shirts,https://s3-eu-west-1.amazonaws.com/commercetools-maximilian/products/083536_1_medium.jpg,MU – Shirt “Gioconda”,"This clean-cut shirt by MU convinces us not only with its gorgeously perfect fit and pleasant wearing comfort, but also thanks to selected details on buttons and cuffs. A Key Piece in every well-stocked wardrobe!",mu-aglini-shirt-gioconda-f10918-blue,,,,MU – Bluse „Gioconda“,"Diese clean geschnittene Bluse von MU überzeugt uns nicht nur durch ihre herrlich, perfekte Passform mit angenehmen Tragegefühl, sondern auch Dank selektierter Details an Knopfleisten und Manschetten. Ein Key- Piece im wohlsortierten Kleiderschrank!",mu-aglini-bluse-gioconda-f10918-blau,,,,,,,,,,,GIOVONDA F10918 NPC,83536,M0E20000000ET8O,83536,mu,yes,,xxs,34,blue,light blue,,hellblau,,,,sporty,women,A15,,,,
,2,M0E20000000ET8P,EUR 22250;EUR 14590 b2b;US-USD 22250;USD 14590 b2b;DE-EUR 17800;IT-EUR 17800;GB-EUR 17800;DE-EUR 18868#sunrise-store-berlin;EUR 20025#sunrise-store-vienna;DE-EUR 16910#sunrise-store-munich;DE-EUR 16554#sunrise-store-cologne;DE-EUR 19224#sunrise-store-hamburg;US-USD 18868#sunrise-store-boston-2;USD 20025#sunrise-store-chicago;US-USD 16910#sunrise-store-boston-1;US-USD 16554#sunrise-store-sanfrancisco;US-USD 19224#sunrise-store-newyork,,,https://s3-eu-west-1.amazonaws.com/commercetools-maximilian/products/083536_1_medium.jpg,,,,,,,,,,,,,,,,,,,,GIOVONDA F10918 NPC,83536,M0E20000000ET8P,83536,mu,yes,,xxs,36,blue,light blue,,hellblau,,,,sporty,women,A15,,,,
,3,M0E20000000ET8Q,EUR 22250;EUR 14590 b2b;US-USD 22250;USD 14590 b2b;DE-EUR 17800;IT-EUR 17800;GB-EUR 17800;DE-EUR 19046#sunrise-store-berlin;EUR 21360#sunrise-store-vienna;DE-EUR 19046#sunrise-store-munich;DE-EUR 17800#sunrise-store-cologne;DE-EUR 17622#sunrise-store-hamburg;US-USD 19046#sunrise-store-boston-2;USD 21360#sunrise-store-chicago;US-USD 19046#sunrise-store-boston-1;US-USD 17800#sunrise-store-sanfrancisco;US-USD 17622#sunrise-store-newyork,,,https://s3-eu-west-1.amazonaws.com/commercetools-maximilian/products/083536_1_medium.jpg,,,,,,,,,,,,,,,,,,,,GIOVONDA F10918 NPC,83536,M0E20000000ET8Q,83536,mu,yes,,xxs,38,blue,light blue,,hellblau,,,,sporty,women,A15,,,,
,4,M0E20000000ET8R,EUR 22250;EUR 14590 b2b;US-USD 22250;USD 14590 b2b;DE-EUR 17800;IT-EUR 17800;GB-EUR 17800;DE-EUR 16554#sunrise-store-berlin;EUR 24030#sunrise-store-vienna;DE-EUR 16376#sunrise-store-munich;DE-EUR 16020#sunrise-store-cologne;DE-EUR 18690#sunrise-store-hamburg;US-USD 16554#sunrise-store-boston-2;USD 24030#sunrise-store-chicago;US-USD 16376#sunrise-store-boston-1;US-USD 16020#sunrise-store-sanfrancisco;US-USD 18690#sunrise-store-newyork,,,https://s3-eu-west-1.amazonaws.com/commercetools-maximilian/products/083536_1_medium.jpg,,,,,,,,,,,,,,,,,,,,GIOVONDA F10918 NPC,83536,M0E20000000ET8R,83536,mu,yes,,xs,40,blue,light blue,,hellblau,,,,sporty,women,A15,TRUE,,,
main,1,M0E20000000EE62,EUR 18500;EUR 12131 b2b;US-USD 18500;USD 12131 b2b;DE-EUR 14800;IT-EUR 14800;GB-EUR 14800;DE-EUR 14060#sunrise-store-berlin;EUR 20165#sunrise-store-vienna;DE-EUR 14060#sunrise-store-munich;DE-EUR 13616#sunrise-store-cologne;DE-EUR 14504#sunrise-store-hamburg;US-USD 14060#sunrise-store-boston-2;USD 20165#sunrise-store-chicago;US-USD 14060#sunrise-store-boston-1;US-USD 13616#sunrise-store-sanfrancisco;US-USD 14504#sunrise-store-newyork,standard,Women>Clothing>Jeans,https://s3-eu-west-1.amazonaws.com/commercetools-maximilian/products/081340_1_large.jpg,Jeans Cycle white,,cycle-jeans-WPT492T225-white,,,,Jeans Cycle weiß,,cycle-jeans-WPT492T225-weiss,,,,,,,,,,,WPT492 T225 B044 0001 001,81340,M0E20000000EE62,81340,cycle,yes,,xxs,24,white,white,,weiß,,,,sporty,women,s15,,,,
,2,M0E20000000EE63,EUR 18500;EUR 12131 b2b;US-USD 18500;USD 12131 b2b;DE-EUR 14800;IT-EUR 14800;GB-EUR 14800;DE-EUR 14948#sunrise-store-berlin;EUR 18500#sunrise-store-vienna;DE-EUR 15096#sunrise-store-munich;DE-EUR 15244#sunrise-store-cologne;DE-EUR 15540#sunrise-store-hamburg;US-USD 14948#sunrise-store-boston-2;USD 18500#sunrise-store-chicago;US-USD 15096#sunrise-store-boston-1;US-USD 15244#sunrise-store-sanfrancisco;US-USD 15540#sunrise-store-newyork,,,https://s3-eu-west-1.amazonaws.com/commercetools-maximilian/products/081340_1_large.jpg,,,,,,,,,,,,,,,,,,,,WPT492 T225 B044 0001 001,81340,M0E20000000EE63,81340,cycle,yes,,xxs,25,white,white,,weiß,,,,sporty,women,s15,,,,
,3,M0E20000000EE64,EUR 18500;EUR 12131 b2b;US-USD 18500;USD 12131 b2b;DE-EUR 14800;IT-EUR 14800;GB-EUR 14800;DE-EUR 13616#sunrise-store-berlin;EUR 19795#sunrise-store-vienna;DE-EUR 15244#sunrise-store-munich;DE-EUR 16280#sunrise-store-cologne;DE-EUR 15688#sunrise-store-hamburg;US-USD 13616#sunrise-store-boston-2;USD 19795#sunrise-store-chicago;US-USD 15244#sunrise-store-boston-1;US-USD 16280#sunrise-store-sanfrancisco;US-USD 15688#sunrise-store-newyork,,,https://s3-eu-west-1.amazonaws.com/commercetools-maximilian/products/081340_1_large.jpg,,,,,,,,,,,,,,,,,,,,WPT492 T225 B044 0001 001,81340,M0E20000000EE64,81340,cycle,yes,,xs,26,white,white,,weiß,,,,sporty,women,s15,,,,
main,1,M0E20000000F6W1,EUR 22375;EUR 14672 b2b;US-USD 22375;USD 14672 b2b;DE-EUR 17900;IT-EUR 17900;GB-EUR 17900;DE-EUR 16826#sunrise-store-berlin;EUR 24612#sunrise-store-vienna;DE-EUR 18795#sunrise-store-munich;DE-EUR 16468#sunrise-store-cologne;DE-EUR 19690#sunrise-store-hamburg;US-USD 16826#sunrise-store-boston-2;USD 24612#sunrise-store-chicago;US-USD 18795#sunrise-store-boston-1;US-USD 16468#sunrise-store-sanfrancisco;US-USD 19690#sunrise-store-newyork,standard,Women>Clothing>Jeans,https://s3-eu-west-1.amazonaws.com/commercetools-maximilian/products/085371_1_medium.jpg,Cycle – jeans,"jeans from Italian label Cycle are true key pieces in any wardrobe. Destroys, washings and studs complement the loose fit.",cycle-jeans-BL0513D1079001-blue,,,,Cycle – jeans,"jeans des italienischen Brands Cycle sind echte Trendpieces, die in keiner Garderobe fehlen sollten. Zerstörungen, Waschungen und Nieten kommen auf dem weiten Schnitt lässig zur Geltung.",cycle-jeans-BL0513D1079001-blau,,,,,,,,,,,BL0513D1079001 WPT513,85371,M0E20000000F6W1,85371,cycle,yes,,xxs,24,blue,blue,,blau,,,,sporty,women,A15,,,,
,2,M0E20000000F6W2,EUR 22375;EUR 14672 b2b;US-USD 22375;USD 14672 b2b;DE-EUR 17900;IT-EUR 17900;GB-EUR 17900;DE-EUR 17900#sunrise-store-berlin;EUR 20138#sunrise-store-vienna;DE-EUR 16110#sunrise-store-munich;DE-EUR 16826#sunrise-store-cologne;DE-EUR 17184#sunrise-store-hamburg;US-USD 17900#sunrise-store-boston-2;USD 20138#sunrise-store-chicago;US-USD 16110#sunrise-store-boston-1;US-USD 16826#sunrise-store-sanfrancisco;US-USD 17184#sunrise-store-newyork,,,https://s3-eu-west-1.amazonaws.com/commercetools-maximilian/products/085371_1_medium.jpg,,,,,,,,,,,,,,,,,,,,BL0513D1079001 WPT513,85371,M0E20000000F6W2,85371,cycle,yes,,xxs,25,blue,blue,,blau,,,,sporty,women,A15,,,,
,3,M0E20000000F6W3,EUR 22375;EUR 14672 b2b;US-USD 22375;USD 14672 b2b;DE-EUR 17900;IT-EUR 17900;GB-EUR 17900;DE-EUR 18258#sunrise-store-berlin;EUR 21704#sunrise-store-vienna;DE-EUR 18258#sunrise-store-munich;DE-EUR 17900#sunrise-store-cologne;DE-EUR 19153#sunrise-store-hamburg;US-USD 18258#sunrise-store-boston-2;USD 21704#sunrise-store-chicago;US-USD 18258#sunrise-store-boston-1;US-USD 17900#sunrise-store-sanfrancisco;US-USD 19153#sunrise-store-newyork,,,https://s3-eu-west-1.amazonaws.com/commercetools-maximilian/products/085371_1_medium.jpg,,,,,,,,,,,,,,,,,,,,BL0513D1079001 WPT513,85371,M0E20000000F6W3,85371,cycle,yes,,xs,26,blue,blue,,blau,,,,sporty,women,A15,,,,
,4,M0E20000000F6W4,EUR 22375;EUR 14672 b2b;US-USD 22375;USD 14672 b2b;DE-EUR 17900;IT-EUR 17900;GB-EUR 17900;DE-EUR 19332#sunrise-store-berlin;EUR 24165#sunrise-store-vienna;DE-EUR 19511#sunrise-store-munich;DE-EUR 16289#sunrise-store-cologne;DE-EUR 16647#sunrise-store-hamburg;US-USD 19332#sunrise-store-boston-2;USD 24165#sunrise-store-chicago;US-USD 19511#sunrise-store-boston-1;US-USD 16289#sunrise-store-sanfrancisco;US-USD 16647#sunrise-store-newyork,,,https://s3-eu-west-1.amazonaws.com/commercetools-maximilian/products/085371_1_medium.jpg,,,,,,,,,,,,,,,,,,,,BL0513D1079001 WPT513,85371,M0E20000000F6W4,85371,cycle,yes,,xs,27,blue,blue,,blau,,,,sporty,women,A15,,,,
main,1,M0E20000000DKJV,EUR 21250;EUR 13934 b2b;US-USD 21250;USD 13934 b2b;DE-EUR 17000;IT-EUR 17000;GB-EUR 17000;DE-EUR 18020#sunrise-store-berlin;EUR 22950#sunrise-store-vienna;DE-EUR 18360#sunrise-store-munich;DE-EUR 15470#sunrise-store-cologne;DE-EUR 17850#sunrise-store-hamburg;US-USD 18020#sunrise-store-boston-2;USD 22950#sunrise-store-chicago;US-USD 18360#sunrise-store-boston-1;US-USD 15470#sunrise-store-sanfrancisco;US-USD 17850#sunrise-store-newyork,standard,Women>Clothing>Trouser,https://s3-eu-west-1.amazonaws.com/commercetools-maximilian/products/072657_1_large.jpg,Trousers Pinko white,,pinko-trousers-1B10ZL-white,,,,Hose Pinko weiß,,pinko-hose-1B10ZL-weiss,,,,,,,,,,,1B10ZL 4385 Z04,72657,M0E20000000DKJV,72657,pinko,no,,xxs,34,white,white,,weiß,,,,sporty,women,s15,,,,
,2,M0E20000000DKJW,EUR 21250;EUR 13934 b2b;US-USD 21250;USD 13934 b2b;DE-EUR 17000;IT-EUR 17000;GB-EUR 17000;DE-EUR 18360#sunrise-store-berlin;EUR 19975#sunrise-store-vienna;DE-EUR 16660#sunrise-store-munich;DE-EUR 16660#sunrise-store-cologne;DE-EUR 16320#sunrise-store-hamburg;US-USD 18360#sunrise-store-boston-2;USD 19975#sunrise-store-chicago;US-USD 16660#sunrise-store-boston-1;US-USD 16660#sunrise-store-sanfrancisco;US-USD 16320#sunrise-store-newyork,,,https://s3-eu-west-1.amazonaws.com/commercetools-maximilian/products/072657_1_large.jpg,,,,,,,,,,,,,,,,,,,,1B10ZL 4385 Z04,72657,M0E20000000DKJW,72657,pinko,no,,xxs,36,white,white,,weiß,,,,sporty,women,s15,,,,
,3,M0E20000000DKJX,EUR 21250;EUR 13934 b2b;US-USD 21250;USD 13934 b2b;DE-EUR 17000;IT-EUR 17000;GB-EUR 17000;DE-EUR 15810#sunrise-store-berlin;EUR 22525#sunrise-store-vienna;DE-EUR 17850#sunrise-store-munich;DE-EUR 18530#sunrise-store-cologne;DE-EUR 17340#sunrise-store-hamburg;US-USD 15810#sunrise-store-boston-2;USD 22525#sunrise-store-chicago;US-USD 17850#sunrise-store-boston-1;US-USD 18530#sunrise-store-sanfrancisco;US-USD 17340#sunrise-store-newyork,,,https://s3-eu-west-1.amazonaws.com/commercetools-maximilian/products/072657_1_large.jpg,,,,,,,,,,,,,,,,,,,,1B10ZL 4385 Z04,72657,M0E20000000DKJX,72657,pinko,no,,xxs,38,white,white,,weiß,,,,sporty,women,s15,TRUE,,,
main,1,M0E20000000DVOV,EUR 12375;EUR 8115 b2b;US-USD 12375;USD 8115 b2b;DE-EUR 9900;IT-EUR 9900;GB-EUR 9900;DE-EUR 10395#sunrise-store-berlin;EUR 11261#sunrise-store-vienna;DE-EUR 9108#sunrise-store-munich;DE-EUR 9306#sunrise-store-cologne;DE-EUR 9603#sunrise-store-hamburg;US-USD 10395#sunrise-store-boston-2;USD 11261#sunrise-store-chicago;US-USD 9108#sunrise-store-boston-1;US-USD 9306#sunrise-store-sanfrancisco;US-USD 9603#sunrise-store-newyork,standard,Women>Clothing>Trouser,https://s3-eu-west-1.amazonaws.com/commercetools-maximilian/products/079003_1_large.jpg,Jogging pants “Mari“ Polo Ralph Lauren blue,,poloralphlauren-joggingpants-mari-V38IG231CG219-blue,,,,Jogginghose „Mari“ Polo Ralph Lauren blau,,poloralphlauren-jogginghose-mari-V38IG231CG219-blau,,,,,,,,,,,V38IG231 CG219 B412G,79003,M0E20000000DVOV,79003,poloralphlauren,no,,xxs,XXS,blue,blue,,blau,,,,sporty,women,s15,,,,
,2,M0E20000000DVOW,EUR 12375;EUR 8115 b2b;US-USD 12375;USD 8115 b2b;DE-EUR 9900;IT-EUR 9900;GB-EUR 9900;DE-EUR 9504#sunrise-store-berlin;EUR 12004#sunrise-store-vienna;DE-EUR 9207#sunrise-store-munich;DE-EUR 9999#sunrise-store-cologne;DE-EUR 9702#sunrise-store-hamburg;US-USD 9504#sunrise-store-boston-2;USD 12004#sunrise-store-chicago;US-USD 9207#sunrise-store-boston-1;US-USD 9999#sunrise-store-sanfrancisco;US-USD 9702#sunrise-store-newyork,,,https://s3-eu-west-1.amazonaws.com/commercetools-maximilian/products/079003_1_large.jpg,,,,,,,,,,,,,,,,,,,,V38IG231 CG219 B412G,79003,M0E20000000DVOW,79003,poloralphlauren,no,,xs,XS,blue,blue,,blau,,,,sporty,women,s15,,,,
,3,M0E20000000DVOX,EUR 12375;EUR 8115 b2b;US-USD 12375;USD 8115 b2b;DE-EUR 9900;IT-EUR 9900;GB-EUR 9900;DE-EUR 10098#sunrise-store-berlin;EUR 12251#sunrise-store-vienna;DE-EUR 9900#sunrise-store-munich;DE-EUR 10098#sunrise-store-cologne;DE-EUR 10395#sunrise-store-hamburg;US-USD 10098#sunrise-store-boston-2;USD 12251#sunrise-store-chicago;US-USD 9900#sunrise-store-boston-1;US-USD 10098#sunrise-store-sanfrancisco;US-USD 10395#sunrise-store-newyork,,,https://s3-eu-west-1.amazonaws.com/commercetools-maximilian/products/079003_1_large.jpg,,,,,,,,,,,,,,,,,,,,V38IG231 CG219 B412G,79003,M0E20000000DVOX,79003,poloralphlauren,no,,s,S,blue,blue,,blau,,,,sporty,women,s15,TRUE,,,
main,1,M0E20000000ECHH,EUR 19000;EUR 12459 b2b;US-USD 19000;USD 12459 b2b;DE-EUR 15200;IT-EUR 15200;GB-EUR 15200;DE-EUR 14440#sunrise-store-berlin;EUR 17670#sunrise-store-vienna;DE-EUR 14136#sunrise-store-munich;DE-EUR 16416#sunrise-store-cologne;DE-EUR 16264#sunrise-store-hamburg;US-USD 14440#sunrise-store-boston-2;USD 17670#sunrise-store-chicago;US-USD 14136#sunrise-store-boston-1;US-USD 16416#sunrise-store-sanfrancisco;US-USD 16264#sunrise-store-newyork,standard,Women>Clothing>Skirts,https://s3-eu-west-1.amazonaws.com/commercetools-maximilian/products/081161_1_large.jpg,Skirt Jucca cream,,jucca-skirt-j2115009-beige,,,,Rock Jucca creme,,jucca-rock-j2115009-beige,,,,,,,,,,,J21 15009 001,81161,M0E20000000ECHH,81161,jucca,yes,,xxs,34,beige,cream,,creme,,,,sporty,women,s15,,,,
,2,M0E20000000ECHI,EUR 19000;EUR 12459 b2b;US-USD 19000;USD 12459 b2b;DE-EUR 15200;IT-EUR 15200;GB-EUR 15200;DE-EUR 15352#sunrise-store-berlin;EUR 18050#sunrise-store-vienna;DE-EUR 15048#sunrise-store-munich;DE-EUR 16568#sunrise-store-cologne;DE-EUR 13984#sunrise-store-hamburg;US-USD 15352#sunrise-store-boston-2;USD 18050#sunrise-store-chicago;US-USD 15048#sunrise-store-boston-1;US-USD 16568#sunrise-store-sanfrancisco;US-USD 13984#sunrise-store-newyork,,,https://s3-eu-west-1.amazonaws.com/commercetools-maximilian/products/081161_1_large.jpg,,,,,,,,,,,,,,,,,,,,J21 15009 001,81161,M0E20000000ECHI,81161,jucca,yes,,xxs,36,beige,cream,,creme,,,,sporty,women,s15,,,,
,3,M0E20000000ECHJ,EUR 19000;EUR 12459 b2b;US-USD 19000;USD 12459 b2b;DE-EUR 15200;IT-EUR 15200;GB-EUR 15200;DE-EUR 15504#sunrise-store-berlin;EUR 19190#sunrise-store-vienna;DE-EUR 13680#sunrise-store-munich;DE-EUR 14440#sunrise-store-cologne;DE-EUR 15808#sunrise-store-hamburg;US-USD 15504#sunrise-store-boston-2;USD 19190#sunrise-store-chicago;US-USD 13680#sunrise-store-boston-1;US-USD 14440#sunrise-store-sanfrancisco;US-USD 15808#sunrise-store-newyork,,,https://s3-eu-west-1.amazonaws.com/commercetools-maximilian/products/081161_1_large.jpg,,,,,,,,,,,,,,,,,,,,J21 15009 001,81161,M0E20000000ECHJ,81161,jucca,yes,,xxs,38,beige,cream,,creme,,,,sporty,women,s15,,,,
main,1,M0E20000000EEEE,EUR 15250;EUR 10000 b2b;US-USD 15250;USD 10000 b2b;DE-EUR 12200;IT-EUR 12200;GB-EUR 12200;DE-EUR 12688#sunrise-store-berlin;EUR 16622#sunrise-store-vienna;DE-EUR 11590#sunrise-store-munich;DE-EUR 11102#sunrise-store-cologne;DE-EUR 11224#sunrise-store-hamburg;US-USD 12688#sunrise-store-boston-2;USD 16622#sunrise-store-chicago;US-USD 11590#sunrise-store-boston-1;US-USD 11102#sunrise-store-sanfrancisco;US-USD 11224#sunrise-store-newyork,standard,Women>Clothing>Skirts,https://s3-eu-west-1.amazonaws.com/commercetools-maximilian/products/081363_1_large.jpg,Skirt Cycle black,,cycle-skirt-WGN1222547D965-black,,,,Rock Cycle schwarz,,cycle-rock-WGN1222547D965-schwarz,,,,,,,,,,,WGN122 2547 D965 001,81363,M0E20000000EEEE,81363,cycle,yes,,xxs,XXS,black,black,,schwarz,,,,sporty,women,s15,,,,
,2,M0E20000000EEEF,EUR 15250;EUR 10000 b2b;US-USD 15250;USD 10000 b2b;DE-EUR 12200;IT-EUR 12200;GB-EUR 12200;DE-EUR 13420#sunrise-store-berlin;EUR 15250#sunrise-store-vienna;DE-EUR 12322#sunrise-store-munich;DE-EUR 12566#sunrise-store-cologne;DE-EUR 12078#sunrise-store-hamburg;US-USD 13420#sunrise-store-boston-2;USD 15250#sunrise-store-chicago;US-USD 12322#sunrise-store-boston-1;US-USD 12566#sunrise-store-sanfrancisco;US-USD 12078#sunrise-store-newyork,,,https://s3-eu-west-1.amazonaws.com/commercetools-maximilian/products/081363_1_large.jpg,,,,,,,,,,,,,,,,,,,,WGN122 2547 D965 001,81363,M0E20000000EEEF,81363,cycle,yes,,xs,XS,black,black,,schwarz,,,,sporty,women,s15,TRUE,,,
,3,M0E20000000EEEG,EUR 15250;EUR 10000 b2b;US-USD 15250;USD 10000 b2b;DE-EUR 12200;IT-EUR 12200;GB-EUR 12200;DE-EUR 12322#sunrise-store-berlin;EUR 16165#sunrise-store-vienna;DE-EUR 12566#sunrise-store-munich;DE-EUR 13298#sunrise-store-cologne;DE-EUR 12200#sunrise-store-hamburg;US-USD 12322#sunrise-store-boston-2;USD 16165#sunrise-store-chicago;US-USD 12566#sunrise-store-boston-1;US-USD 13298#sunrise-store-sanfrancisco;US-USD 12200#sunrise-store-newyork,,,https://s3-eu-west-1.amazonaws.com/commercetools-maximilian/products/081363_1_large.jpg,,,,,,,,,,,,,,,,,,,,WGN122 2547 D965 001,81363,M0E20000000EEEG,81363,cycle,yes,,s,S,black,black,,schwarz,,,,sporty,women,s15,TRUE,,,
,4,M0E20000000EEEH,EUR 15250;EUR 10000 b2b;US-USD 15250;USD 10000 b2b;DE-EUR 12200;IT-EUR 12200;GB-EUR 12200;DE-EUR 13176#sunrise-store-berlin;EUR 16470#sunrise-store-vienna;DE-EUR 13298#sunrise-store-munich;DE-EUR 13420#sunrise-store-cologne;DE-EUR 13054#sunrise-store-hamburg;US-USD 13176#sunrise-store-boston-2;USD 16470#sunrise-store-chicago;US-USD 13298#sunrise-store-boston-1;US-USD 13420#sunrise-store-sanfrancisco;US-USD 13054#sunrise-store-newyork,,,https://s3-eu-west-1.amazonaws.com/commercetools-maximilian/products/081363_1_large.jpg,,,,,,,,,,,,,,,,,,,,WGN122 2547 D965 001,81363,M0E20000000EEEH,81363,cycle,yes,,m,M,black,black,,schwarz,,,,sporty,women,s15,TRUE,,,
main,1,M0E20000000DN1X,EUR 13750;EUR 9016 b2b;US-USD 13750;USD 9016 b2b;DE-EUR 11000;IT-EUR 11000;GB-EUR 11000;DE-EUR 10120#sunrise-store-berlin;EUR 14438#sunrise-store-vienna;DE-EUR 11440#sunrise-store-munich;DE-EUR 9900#sunrise-store-cologne;DE-EUR 11110#sunrise-store-hamburg;US-USD 10120#sunrise-store-boston-2;USD 14438#sunrise-store-chicago;US-USD 11440#sunrise-store-boston-1;US-USD 9900#sunrise-store-sanfrancisco;US-USD 11110#sunrise-store-newyork,standard,Women>Shoes>Pumps,https://s3-eu-west-1.amazonaws.com/commercetools-maximilian/products/073029_1_large.jpg,Pumps ”Flex” Michael Kors grey,,michaelkors-pumps-flex-40T2MFMP2L-grey,,,,Pumps „Flex” Michael Kors grau,,michaelkors-pumps-flex-40T2MFMP2L-grau,,,,,,,,,,,40T2MFMP2L 081,73029,M0E20000000DN1X,73029,michaelkors,no,,35,5,grey,grey,,grigio,,,,sporty,women,s15,TRUE,,,
,2,M0E20000000DN1Y,EUR 13750;EUR 9016 b2b;US-USD 13750;USD 9016 b2b;DE-EUR 11000;IT-EUR 11000;GB-EUR 11000;DE-EUR 11440#sunrise-store-berlin;EUR 12512#sunrise-store-vienna;DE-EUR 11550#sunrise-store-munich;DE-EUR 10670#sunrise-store-cologne;DE-EUR 11330#sunrise-store-hamburg;US-USD 11440#sunrise-store-boston-2;USD 12512#sunrise-store-chicago;US-USD 11550#sunrise-store-boston-1;US-USD 10670#sunrise-store-sanfrancisco;US-USD 11330#sunrise-store-newyork,,,https://s3-eu-west-1.amazonaws.com/commercetools-maximilian/products/073029_1_large.jpg,,,,,,,,,,,,,,,,,,,,40T2MFMP2L 081,73029,M0E20000000DN1Y,73029,michaelkors,no,,35.5,5.5,grey,grey,,grigio,,,,sporty,women,s15,,,,
,3,M0E20000000DN1Z,EUR 13750;EUR 9016 b2b;US-USD 13750;USD 9016 b2b;DE-EUR 11000;IT-EUR 11000;GB-EUR 11000;DE-EUR 12100#sunrise-store-berlin;EUR 12650#sunrise-store-vienna;DE-EUR 10010#sunrise-store-munich;DE-EUR 10560#sunrise-store-cologne;DE-EUR 11990#sunrise-store-hamburg;US-USD 12100#sunrise-store-boston-2;USD 12650#sunrise-store-chicago;US-USD 10010#sunrise-store-boston-1;US-USD 10560#sunrise-store-sanfrancisco;US-USD 11990#sunrise-store-newyork,,,https://s3-eu-west-1.amazonaws.com/commercetools-maximilian/products/073029_1_large.jpg,,,,,,,,,,,,,,,,,,,,40T2MFMP2L 081,73029,M0E20000000DN1Z,73029,michaelkors,no,,36,6,grey,grey,,grigio,,,,sporty,women,s15,TRUE,,,
,4,M0E20000000DN20,EUR 13750;EUR 9016 b2b;US-USD 13750;USD 9016 b2b;DE-EUR 11000;IT-EUR 11000;GB-EUR 11000;DE-EUR 10560#sunrise-store-berlin;EUR 14438#sunrise-store-vienna;DE-EUR 11880#sunrise-store-munich;DE-EUR 11880#sunrise-store-cologne;DE-EUR 11550#sunrise-store-hamburg;US-USD 10560#sunrise-store-boston-2;USD 14438#sunrise-store-chicago;US-USD 11880#sunrise-store-boston-1;US-USD 11880#sunrise-store-sanfrancisco;US-USD 11550#sunrise-store-newyork,,,https://s3-eu-west-1.amazonaws.com/commercetools-maximilian/products/073029_1_large.jpg,,,,,,,,,,,,,,,,,,,,40T2MFMP2L 081,73029,M0E20000000DN20,73029,michaelkors,no,,36.5,6.5,grey,grey,,grigio,,,,sporty,women,s15,,,,
main,1,M0E20000000DMSK,EUR 13750;EUR 9016 b2b;US-USD 13750;USD 9016 b2b;DE-EUR 11000;IT-EUR 11000;GB-EUR 11000;DE-EUR 10340#sunrise-store-berlin;EUR 14438#sunrise-store-vienna;DE-EUR 11660#sunrise-store-munich;DE-EUR 12100#sunrise-store-cologne;DE-EUR 10010#sunrise-store-hamburg;US-USD 10340#sunrise-store-boston-2;USD 14438#sunrise-store-chicago;US-USD 11660#sunrise-store-boston-1;US-USD 12100#sunrise-store-sanfrancisco;US-USD 10010#sunrise-store-newyork,standard,Women>Shoes>Pumps,https://s3-eu-west-1.amazonaws.com/commercetools-maximilian/products/073012_1_medium.jpg,Pumps ”Flex” Michael Kors beige,,michaelkors-pumps-flex-40F1MFMP1S-beige,,,,Pumps „Flex” Michael Kors beige,,michaelkors-pumps-flex-40F1MFMP1S-beige,,,,,,,,,,,40F1MFMP1S 185,73012,M0E20000000DMSK,73012,michaelkors,no,,35,5,beige,beige,,beige,,,,sporty,women,s15,TRUE,,,
,2,M0E20000000DMSL,EUR 13750;EUR 9016 b2b;US-USD 13750;USD 9016 b2b;DE-EUR 11000;IT-EUR 11000;GB-EUR 11000;DE-EUR 11660#sunrise-store-berlin;EUR 12375#sunrise-store-vienna;DE-EUR 11770#sunrise-store-munich;DE-EUR 10450#sunrise-store-cologne;DE-EUR 10120#sunrise-store-hamburg;US-USD 11660#sunrise-store-boston-2;USD 12375#sunrise-store-chicago;US-USD 11770#sunrise-store-boston-1;US-USD 10450#sunrise-store-sanfrancisco;US-USD 10120#sunrise-store-newyork,,,https://s3-eu-west-1.amazonaws.com/commercetools-maximilian/products/073012_1_medium.jpg,,,,,,,,,,,,,,,,,,,,40F1MFMP1S 185,73012,M0E20000000DMSL,73012,michaelkors,no,,35.5,5.5,beige,beige,,beige,,,,sporty,women,s15,,,,
,3,M0E20000000DMSM,EUR 13750;EUR 9016 b2b;US-USD 13750;USD 9016 b2b;DE-EUR 11000;IT-EUR 11000;GB-EUR 11000;DE-EUR 10010#sunrise-store-berlin;EUR 12650#sunrise-store-vienna;DE-EUR 10230#sunrise-store-munich;DE-EUR 10670#sunrise-store-cologne;DE-EUR 10890#sunrise-store-hamburg;US-USD 10010#sunrise-store-boston-2;USD 12650#sunrise-store-chicago;US-USD 10230#sunrise-store-boston-1;US-USD 10670#sunrise-store-sanfrancisco;US-USD 10890#sunrise-store-newyork,,,https://s3-eu-west-1.amazonaws.com/commercetools-maximilian/products/073012_1_medium.jpg,,,,,,,,,,,,,,,,,,,,40F1MFMP1S 185,73012,M0E20000000DMSM,73012,michaelkors,no,,36,6,beige,beige,,beige,,,,sporty,women,s15,TRUE,,,
,4,M0E20000000DMSN,EUR 13750;EUR 9016 b2b;US-USD 13750;USD 9016 b2b;DE-EUR 11000;IT-EUR 11000;GB-EUR 11000;DE-EUR 10120#sunrise-store-berlin;EUR 13475#sunrise-store-vienna;DE-EUR 11550#sunrise-store-munich;DE-EUR 11330#sunrise-store-cologne;DE-EUR 9900#sunrise-store-hamburg;US-USD 10120#sunrise-store-boston-2;USD 13475#sunrise-store-chicago;US-USD 11550#sunrise-store-boston-1;US-USD 11330#sunrise-store-sanfrancisco;US-USD 9900#sunrise-store-newyork,,,https://s3-eu-west-1.amazonaws.com/commercetools-maximilian/products/073012_1_medium.jpg,,,,,,,,,,,,,,,,,,,,40F1MFMP1S 185,73012,M0E20000000DMSN,73012,michaelkors,no,,36.5,6.5,beige,beige,,beige,,,,sporty,women,s15,TRUE,,,
main,1,M0E20000000DQN6,EUR 19875;EUR 13033 b2b;US-USD 19875;USD 13033 b2b;DE-EUR 15900;IT-EUR 15900;GB-EUR 15900;DE-EUR 17172#sunrise-store-berlin;EUR 18682#sunrise-store-vienna;DE-EUR 14787#sunrise-store-munich;DE-EUR 17331#sunrise-store-cologne;DE-EUR 14787#sunrise-store-hamburg;US-USD 17172#sunrise-store-boston-2;USD 18682#sunrise-store-chicago;US-USD 14787#sunrise-store-boston-1;US-USD 17331#sunrise-store-sanfrancisco;US-USD 14787#sunrise-store-newyork,standard,Women>Shoes>Loafers,https://s3-eu-west-1.amazonaws.com/commercetools-maximilian/products/073460_1_medium.jpg,Slip-On Shoes “Becker“ Sam Edelman multi,,sam-edelman-sliponshoes-becker-C4837FH301-multi,,,,Slip-On Schuhe „Becker“ Sam Edelman multi,,sam-edelman-sliponschuhe-becker-C4837FH301-multi,,,,,,,,,,,C4837FH301 GREEN,73460,M0E20000000DQN6,73460,samedelman,no,,34,34,multicolored,multi,,multi,,,,sporty,women,s15,,,,
,2,M0E20000000DQN7,EUR 19875;EUR 13033 b2b;US-USD 19875;USD 13033 b2b;DE-EUR 15900;IT-EUR 15900;GB-EUR 15900;DE-EUR 15741#sunrise-store-berlin;EUR 20074#sunrise-store-vienna;DE-EUR 15105#sunrise-store-munich;DE-EUR 15105#sunrise-store-cologne;DE-EUR 14946#sunrise-store-hamburg;US-USD 15741#sunrise-store-boston-2;USD 20074#sunrise-store-chicago;US-USD 15105#sunrise-store-boston-1;US-USD 15105#sunrise-store-sanfrancisco;US-USD 14946#sunrise-store-newyork,,,https://s3-eu-west-1.amazonaws.com/commercetools-maximilian/products/073460_1_medium.jpg,,,,,,,,,,,,,,,,,,,,C4837FH301 GREEN,73460,M0E20000000DQN7,73460,samedelman,no,,34.5,34.5,multicolored,multi,,multi,,,,sporty,women,s15,,,,
,3,M0E20000000DQN8,EUR 19875;EUR 13033 b2b;US-USD 19875;USD 13033 b2b;DE-EUR 15900;IT-EUR 15900;GB-EUR 15900;DE-EUR 16695#sunrise-store-berlin;EUR 20272#sunrise-store-vienna;DE-EUR 16059#sunrise-store-munich;DE-EUR 15264#sunrise-store-cologne;DE-EUR 16059#sunrise-store-hamburg;US-USD 16695#sunrise-store-boston-2;USD 20272#sunrise-store-chicago;US-USD 16059#sunrise-store-boston-1;US-USD 15264#sunrise-store-sanfrancisco;US-USD 16059#sunrise-store-newyork,,,https://s3-eu-west-1.amazonaws.com/commercetools-maximilian/products/073460_1_medium.jpg,,,,,,,,,,,,,,,,,,,,C4837FH301 GREEN,73460,M0E20000000DQN8,73460,samedelman,no,,35,35,multicolored,multi,,multi,,,,sporty,women,s15,,,,
main,1,M0E20000000ELIV,EUR 15625;EUR 10246 b2b;US-USD 15625;USD 10246 b2b;DE-EUR 12500;IT-EUR 12500;GB-EUR 12500;DE-EUR 12625#sunrise-store-berlin;EUR 16250#sunrise-store-vienna;DE-EUR 11625#sunrise-store-munich;DE-EUR 13500#sunrise-store-cologne;DE-EUR 13375#sunrise-store-hamburg;US-USD 12625#sunrise-store-boston-2;USD 16250#sunrise-store-chicago;US-USD 11625#sunrise-store-boston-1;US-USD 13500#sunrise-store-sanfrancisco;US-USD 13375#sunrise-store-newyork,standard,New>Women>Shoes>Loafers;Women>Shoes>Loafers,https://s3-eu-west-1.amazonaws.com/commercetools-maximilian/products/082398_1_large.jpg,Slip-On Shoes “Olivia” Michael Kors black,,michael-kors-slip-on-olivia-43S5OLFP1L-black,,,,Slip-On Schuhe „Olivia“ Michael Kors schwarz,,michael-kors-slip-on-olivia-43S5OLFP1L-schwarz,,,,,,,,,,,43S5OLFP1L 001,82398,M0E20000000ELIV,82398,michaelkors,no,,35,5,black,black,,schwarz,,,,sporty,women,s15,,,,
,2,M0E20000000ELIW,EUR 15625;EUR 10246 b2b;US-USD 15625;USD 10246 b2b;DE-EUR 12500;IT-EUR 12500;GB-EUR 12500;DE-EUR 13375#sunrise-store-berlin;EUR 14844#sunrise-store-vienna;DE-EUR 12500#sunrise-store-munich;DE-EUR 12250#sunrise-store-cologne;DE-EUR 11500#sunrise-store-hamburg;US-USD 13375#sunrise-store-boston-2;USD 14844#sunrise-store-chicago;US-USD 12500#sunrise-store-boston-1;US-USD 12250#sunrise-store-sanfrancisco;US-USD 11500#sunrise-store-newyork,,,https://s3-eu-west-1.amazonaws.com/commercetools-maximilian/products/082398_1_large.jpg,,,,,,,,,,,,,,,,,,,,43S5OLFP1L 001,82398,M0E20000000ELIW,82398,michaelkors,no,,35.5,5.5,black,black,,schwarz,,,,sporty,women,s15,,,,
,3,M0E20000000ELIX,EUR 15625;EUR 10246 b2b;US-USD 15625;USD 10246 b2b;DE-EUR 12500;IT-EUR 12500;GB-EUR 12500;DE-EUR 12250#sunrise-store-berlin;EUR 15781#sunrise-store-vienna;DE-EUR 12625#sunrise-store-munich;DE-EUR 13125#sunrise-store-cologne;DE-EUR 11625#sunrise-store-hamburg;US-USD 12250#sunrise-store-boston-2;USD 15781#sunrise-store-chicago;US-USD 12625#sunrise-store-boston-1;US-USD 13125#sunrise-store-sanfrancisco;US-USD 11625#sunrise-store-newyork,,,https://s3-eu-west-1.amazonaws.com/commercetools-maximilian/products/082398_1_large.jpg,,,,,,,,,,,,,,,,,,,,43S5OLFP1L 001,82398,M0E20000000ELIX,82398,michaelkors,no,,36,6,black,black,,schwarz,,,,sporty,women,s15,,,,
,4,M0E20000000ELIY,EUR 15625;EUR 10246 b2b;US-USD 15625;USD 10246 b2b;DE-EUR 12500;IT-EUR 12500;GB-EUR 12500;DE-EUR 13125#sunrise-store-berlin;EUR 16094#sunrise-store-vienna;DE-EUR 13500#sunrise-store-munich;DE-EUR 13250#sunrise-store-cologne;DE-EUR 12500#sunrise-store-hamburg;US-USD 13125#sunrise-store-boston-2;USD 16094#sunrise-store-chicago;US-USD 13500#sunrise-store-boston-1;US-USD 13250#sunrise-store-sanfrancisco;US-USD 12500#sunrise-store-newyork,,,https://s3-eu-west-1.amazonaws.com/commercetools-maximilian/products/082398_1_large.jpg,,,,,,,,,,,,,,,,,,,,43S5OLFP1L 001,82398,M0E20000000ELIY,82398,michaelkors,no,,36.5,6.5,black,black,,schwarz,,,,sporty,women,s15,,,,
main,1,M0E20000000EL0J,EUR 23125;EUR 15164 b2b;US-USD 23125;USD 15164 b2b;DE-EUR 18500;IT-EUR 18500;GB-EUR 18500;DE-EUR 18870#sunrise-store-berlin;EUR 22431#sunrise-store-vienna;DE-EUR 18685#sunrise-store-munich;DE-EUR 18500#sunrise-store-cologne;DE-EUR 16835#sunrise-store-hamburg;US-USD 18870#sunrise-store-boston-2;USD 22431#sunrise-store-chicago;US-USD 18685#sunrise-store-boston-1;US-USD 18500#sunrise-store-sanfrancisco;US-USD 16835#sunrise-store-newyork,standard,Women>Clothing>Shirts,https://s3-eu-west-1.amazonaws.com/commercetools-maximilian/products/082343_1_medium.jpg,Poncho Michael Kors green,,michael-kors-poncho-MS54KDR1NU-green,,,,Poncho Michael Kors grün,,michael-kors-poncho-MS54KDR1NU-gruen,,,,,,,,,,,MS54KDR1NU 357,82343,M0E20000000EL0J,82343,michaelkors,no,,xxs,XXS,green,green,,grün,,,,sporty,women,s15,,,,
,2,M0E20000000EL0K,EUR 23125;EUR 15164 b2b;US-USD 23125;USD 15164 b2b;DE-EUR 18500;IT-EUR 18500;GB-EUR 18500;DE-EUR 17205#sunrise-store-berlin;EUR 23819#sunrise-store-vienna;DE-EUR 19055#sunrise-store-munich;DE-EUR 19610#sunrise-store-cologne;DE-EUR 17020#sunrise-store-hamburg;US-USD 17205#sunrise-store-boston-2;USD 23819#sunrise-store-chicago;US-USD 19055#sunrise-store-boston-1;US-USD 19610#sunrise-store-sanfrancisco;US-USD 17020#sunrise-store-newyork,,,https://s3-eu-west-1.amazonaws.com/commercetools-maximilian/products/082343_1_medium.jpg,,,,,,,,,,,,,,,,,,,,MS54KDR1NU 357,82343,M0E20000000EL0K,82343,michaelkors,no,,xs,XS,green,green,,grün,,,,sporty,women,s15,,,,
,3,M0E20000000EL0L,EUR 23125;EUR 15164 b2b;US-USD 23125;USD 15164 b2b;DE-EUR 18500;IT-EUR 18500;GB-EUR 18500;DE-EUR 18500#sunrise-store-berlin;EUR 24281#sunrise-store-vienna;DE-EUR 20165#sunrise-store-munich;DE-EUR 19980#sunrise-store-cologne;DE-EUR 18315#sunrise-store-hamburg;US-USD 18500#sunrise-store-boston-2;USD 24281#sunrise-store-chicago;US-USD 20165#sunrise-store-boston-1;US-USD 19980#sunrise-store-sanfrancisco;US-USD 18315#sunrise-store-newyork,,,https://s3-eu-west-1.amazonaws.com/commercetools-maximilian/products/082343_1_medium.jpg,,,,,,,,,,,,,,,,,,,,MS54KDR1NU 357,82343,M0E20000000EL0L,82343,michaelkors,no,,s,S,green,green,,grün,,,,sporty,women,s15,TRUE,,,
,4,M0E20000000EL0M,EUR 23125;EUR 15164 b2b;US-USD 23125;USD 15164 b2b;DE-EUR 18500;IT-EUR 18500;GB-EUR 18500;DE-EUR 18685#sunrise-store-berlin;EUR 20812#sunrise-store-vienna;DE-EUR 18685#sunrise-store-munich;DE-EUR 17205#sunrise-store-cologne;DE-EUR 20350#sunrise-store-hamburg;US-USD 18685#sunrise-store-boston-2;USD 20812#sunrise-store-chicago;US-USD 18685#sunrise-store-boston-1;US-USD 17205#sunrise-store-sanfrancisco;US-USD 20350#sunrise-store-newyork,,,https://s3-eu-west-1.amazonaws.com/commercetools-maximilian/products/082343_1_medium.jpg,,,,,,,,,,,,,,,,,,,,MS54KDR1NU 357,82343,M0E20000000EL0M,82343,michaelkors,no,,m,M,green,green,,grün,,,,sporty,women,s15,,,,
,5,M0E20000000EL0N,EUR 23125;EUR 15164 b2b;US-USD 23125;USD 15164 b2b;DE-EUR 18500;IT-EUR 18500;GB-EUR 18500;DE-EUR 19795#sunrise-store-berlin;EUR 23588#sunrise-store-vienna;DE-EUR 19795#sunrise-store-munich;DE-EUR 19425#sunrise-store-cologne;DE-EUR 17760#sunrise-store-hamburg;US-USD 19795#sunrise-store-boston-2;USD 23588#sunrise-store-chicago;US-USD 19795#sunrise-store-boston-1;US-USD 19425#sunrise-store-sanfrancisco;US-USD 17760#sunrise-store-newyork,,,https://s3-eu-west-1.amazonaws.com/commercetools-maximilian/products/082343_1_medium.jpg,,,,,,,,,,,,,,,,,,,,MS54KDR1NU 357,82343,M0E20000000EL0N,82343,michaelkors,no,,l,L,green,green,,grün,,,,sporty,women,s15,TRUE,,,
